{
    "6": {
        "IP": 5.1168,
        "UDP": 5.1168
    },
    "9": {
        "IP": 7.4412,
        "UDP": 7.4412
    },
    "12": {
        "IP": 9.623999999999999,
        "UDP": 9.623999999999999
    },
    "18": {
        "IP": 13.722,
        "UDP": 13.722
    },
    "24": {
        "IP": 17.2392,
        "UDP": 17.2392
    },
    "36": {
        "IP": 23.5776,
        "UDP": 23.5776
    },
    "48": {
        "IP": 28.5228,
        "UDP": 28.5228
    },
    "54": {
        "IP": 31.2372,
        "UDP": 31.2372
    }
}