{
    "6": {
        "IP": 5.13,
        "UDP": 5.0952
    },
    "9": {
        "IP": 7.4532,
        "UDP": 7.470000000000001
    },
    "12": {
        "IP": 9.7152,
        "UDP": 9.648
    },
    "18": {
        "IP": 13.682400000000001,
        "UDP": 13.749600000000001
    },
    "24": {
        "IP": 17.3172,
        "UDP": 17.2668
    },
    "36": {
        "IP": 23.604,
        "UDP": 23.571599999999997
    },
    "48": {
        "IP": 28.6188,
        "UDP": 28.712400000000002
    },
    "54": {
        "IP": 31.0788,
        "UDP": 31.1136
    }
}