{
    "2": {
        "6": {
            "lap_time": 0.0005006790161132812,
            "IP": 5.124,
            "UDP": 5.136,
            "success": 428
        },
        "9": {
            "lap_time": 0.0015015602111816406,
            "IP": 7.56,
            "UDP": 7.572,
            "success": 631
        },
        "12": {
            "lap_time": 0.0012712478637695312,
            "IP": 9.636,
            "UDP": 9.636,
            "success": 803
        },
        "18": {
            "lap_time": 0.0018603801727294922,
            "IP": 13.74,
            "UDP": 13.788,
            "success": 1149
        },
        "24": {
            "lap_time": 0.0020023584365844727,
            "IP": 17.004,
            "UDP": 17.064,
            "success": 1422
        },
        "36": {
            "lap_time": 0.002501964569091797,
            "IP": 23.64,
            "UDP": 23.628,
            "success": 1969
        },
        "48": {
            "lap_time": 0.0030031204223632812,
            "IP": 28.74,
            "UDP": 28.764,
            "success": 2397
        },
        "54": {
            "lap_time": 0.0035032033920288086,
            "IP": 31.02,
            "UDP": 31.02,
            "success": 2585
        }
    },
    "5": {
        "6": {
            "lap_time": 0.0010014772415161133,
            "IP": 4.788,
            "UDP": 4.608,
            "success": 384
        },
        "9": {
            "lap_time": 0.0015012025833129883,
            "IP": 6.744,
            "UDP": 6.612,
            "success": 551
        },
        "12": {
            "lap_time": 0.0015010833740234375,
            "IP": 8.736,
            "UDP": 8.7,
            "success": 725
        },
        "18": {
            "lap_time": 0.0020020008087158203,
            "IP": 12.684,
            "UDP": 12.492,
            "success": 1041
        },
        "24": {
            "lap_time": 0.00250244140625,
            "IP": 16.056,
            "UDP": 16.152,
            "success": 1346
        },
        "36": {
            "lap_time": 0.0030030012130737305,
            "IP": 22.14,
            "UDP": 22.008,
            "success": 1834
        },
        "48": {
            "lap_time": 0.004099488258361816,
            "IP": 27.048,
            "UDP": 26.952,
            "success": 2246
        },
        "54": {
            "lap_time": 0.004004240036010742,
            "IP": 29.388,
            "UDP": 29.628,
            "success": 2469
        }
    },
    "10": {
        "6": {
            "lap_time": 0.0010002851486206055,
            "IP": 4.416,
            "UDP": 4.164,
            "success": 347
        },
        "9": {
            "lap_time": 0.0016982555389404297,
            "IP": 6.336,
            "UDP": 6.372,
            "success": 531
        },
        "12": {
            "lap_time": 0.0020018815994262695,
            "IP": 8.316,
            "UDP": 8.208,
            "success": 684
        },
        "18": {
            "lap_time": 0.0025025606155395508,
            "IP": 11.82,
            "UDP": 11.748,
            "success": 979
        },
        "24": {
            "lap_time": 0.003503561019897461,
            "IP": 14.796,
            "UDP": 14.784,
            "success": 1232
        },
        "36": {
            "lap_time": 0.004307150840759277,
            "IP": 20.64,
            "UDP": 20.652,
            "success": 1721
        },
        "48": {
            "lap_time": 0.005299925804138184,
            "IP": 25.392,
            "UDP": 25.152,
            "success": 2096
        },
        "54": {
            "lap_time": 0.005277276039123535,
            "IP": 27.732,
            "UDP": 27.624,
            "success": 2302
        }
    },
    "20": {
        "6": {
            "lap_time": 0.0012562274932861328,
            "IP": 3.912,
            "UDP": 3.984,
            "success": 332
        },
        "9": {
            "lap_time": 0.0020018815994262695,
            "IP": 5.724,
            "UDP": 5.952,
            "success": 496
        },
        "12": {
            "lap_time": 0.00250244140625,
            "IP": 7.704,
            "UDP": 7.56,
            "success": 630
        },
        "18": {
            "lap_time": 0.0034322738647460938,
            "IP": 11.028,
            "UDP": 10.812,
            "success": 901
        },
        "24": {
            "lap_time": 0.00596010684967041,
            "IP": 13.692,
            "UDP": 13.692,
            "success": 1141
        },
        "36": {
            "lap_time": 0.006005644798278809,
            "IP": 18.696,
            "UDP": 19.116,
            "success": 1593
        },
        "48": {
            "lap_time": 0.0073163509368896484,
            "IP": 23.436,
            "UDP": 23.196,
            "success": 1933
        },
        "54": {
            "lap_time": 0.007507443428039551,
            "IP": 25.884,
            "UDP": 25.284,
            "success": 2107
        }
    },
    "30": {
        "6": {
            "lap_time": 0.0020018815994262695,
            "IP": 3.792,
            "UDP": 3.708,
            "success": 309
        },
        "9": {
            "lap_time": 0.0028276443481445312,
            "IP": 5.292,
            "UDP": 5.472,
            "success": 456
        },
        "12": {
            "lap_time": 0.0029991865158081055,
            "IP": 7.212,
            "UDP": 7.212,
            "success": 601
        },
        "18": {
            "lap_time": 0.0045043230056762695,
            "IP": 10.392,
            "UDP": 10.272,
            "success": 856
        },
        "24": {
            "lap_time": 0.005505084991455078,
            "IP": 12.744,
            "UDP": 12.972,
            "success": 1081
        },
        "36": {
            "lap_time": 0.007839798927307129,
            "IP": 18.324,
            "UDP": 18.3,
            "success": 1525
        },
        "48": {
            "lap_time": 0.009566187858581543,
            "IP": 22.224,
            "UDP": 22.68,
            "success": 1890
        },
        "54": {
            "lap_time": 0.010131478309631348,
            "IP": 24.804,
            "UDP": 24.756,
            "success": 2063
        }
    },
    "40": {
        "6": {
            "lap_time": 0.0020017623901367188,
            "IP": 3.672,
            "UDP": 3.696,
            "success": 308
        },
        "9": {
            "lap_time": 0.0030025243759155273,
            "IP": 5.328,
            "UDP": 5.232,
            "success": 436
        },
        "12": {
            "lap_time": 0.004039883613586426,
            "IP": 6.912,
            "UDP": 6.9,
            "success": 575
        },
        "18": {
            "lap_time": 0.006005644798278809,
            "IP": 9.84,
            "UDP": 10.08,
            "success": 840
        },
        "24": {
            "lap_time": 0.006793618202209473,
            "IP": 12.66,
            "UDP": 12.66,
            "success": 1055
        },
        "36": {
            "lap_time": 0.009508848190307617,
            "IP": 17.124,
            "UDP": 17.556,
            "success": 1463
        },
        "48": {
            "lap_time": 0.011510848999023438,
            "IP": 21.312,
            "UDP": 21.516,
            "success": 1793
        },
        "54": {
            "lap_time": 0.012067794799804688,
            "IP": 23.664,
            "UDP": 23.508,
            "success": 1959
        }
    },
    "50": {
        "6": {
            "lap_time": 0.003002762794494629,
            "IP": 3.42,
            "UDP": 3.492,
            "success": 291
        },
        "9": {
            "lap_time": 0.00400388240814209,
            "IP": 5.22,
            "UDP": 5.124,
            "success": 427
        },
        "12": {
            "lap_time": 0.0050051212310791016,
            "IP": 6.636,
            "UDP": 6.528,
            "success": 544
        },
        "18": {
            "lap_time": 0.006975293159484863,
            "IP": 9.54,
            "UDP": 9.348,