{
    "duration": 100000,
    "count": 2,
    "version": "IEEE802dot11Version.a",
    "result": {
        "6": {
            "lap_time": 1.9830646514892578,
            "IP": 0.36,
            "UDP": 0.35328,
            "success": 3.0
        },
        "9": {
            "lap_time": 2.0057519674301147,
            "IP": 0.36,
            "UDP": 0.35328000000000004,
            "success": 3.0
        },
        "12": {
            "lap_time": 2.2642561197280884,
            "IP": 0.6599999999999999,
            "UDP": 0.64768,
            "success": 5.5
        },
        "18": {
            "lap_time": 2.025392770767212,
            "IP": 0.36,
            "UDP": 0.35328,
            "success": 3.0
        },
        "24": {
            "lap_time": 2.3815237283706665,
            "IP": 0.6,
            "UDP": 0.5888,
            "success": 5.0
        },
        "36": {
            "lap_time": 2.163452625274658,
            "IP": 0.36,
            "UDP": 0.35328000000000004,
            "success": 3.0
        },
        "48": {
            "lap_time": 2.190255284309387,
            "IP": 0.42,
            "UDP": 0.41216,
            "success": 3.5
        },
        "54": {
            "lap_time": 2.2169711589813232,
            "IP": 0.42,
            "UDP": 0.41215999999999997,
            "success": 3.5
        }
    }
}