{
    "duration": 100000,
    "count": 2,
    "version": "IEEE802dot11Version.a",
    "result": {
        "6": {
            "lap_time": 1.9500991106033325,
            "IP": 0.36,
            "UDP": 0.35328,
            "success": 3.0
        },
        "9": {
            "lap_time": 2.0828089714050293,
            "IP": 0.36,
            "UDP": 0.35328000000000004,
            "success": 3.0
        },
        "12": {
            "lap_time": 2.3726541996002197,
            "IP": 0.6599999999999999,
            "UDP": 0.64768,
            "success": 5.5
        },
        "18": {
            "lap_time": 2.1203389167785645,
            "IP": 0.36,
            "UDP": 0.35328,
            "success": 3.0
        },
        "24": {
            "lap_time": 2.386846899986267,
            "IP": 0.6,
            "UDP": 0.5888,
            "success": 5.0
        },
        "36": {
            "lap_time": 2.1483527421951294,
            "IP": 0.36,
            "UDP": 0.35328000000000004,
            "success": 3.0
        },
        "48": {
            "lap_time": 2.225426435470581,
            "IP": 0.42,
            "UDP": 0.41216,
            "success": 3.5
        },
        "54": {
            "lap_time": 2.2880345582962036,
            "IP": 0.42,
            "UDP": 0.41215999999999997,
            "success": 3.5
        }
    }
}