{
    "6": {
        "lap_time": 1.450145721435547e-06,
        "IP": 0.36,
        "UDP": 0.35328,
        "success": 3e-05
    },
    "9": {
        "lap_time": 2.2800321578979492e-06,
        "IP": 0.558,
        "UDP": 0.547584,
        "success": 4.65e-05
    },
    "12": {
        "lap_time": 2.937260627746582e-06,
        "IP": 0.75,
        "UDP": 0.736,
        "success": 6.25e-05
    },
    "18": {
        "lap_time": 4.186278223991394e-06,
        "IP": 1.098,
        "UDP": 1.077504,
        "success": 9.15e-05
    },
    "24": {
        "lap_time": 5.375876665115357e-06,
        "IP": 1.332,
        "UDP": 1.307136,
        "success": 0.000111
    },
    "36": {
        "lap_time": 7.779382824897767e-06,
        "IP": 1.854,
        "UDP": 1.819392,
        "success": 0.0001545
    },
    "48": {
        "lap_time": 1.0629074335098267e-05,
        "IP": 2.418,
        "UDP": 2.372864,
        "success": 0.0002015
    },
    "54": {
        "lap_time": 1.1168156623840332e-05,
        "IP": 2.562,
        "UDP": 2.514176,
        "success": 0.0002135
    }
}