{
    "6": {
        "lap_time": 1.5775941610336304e-06,
        "IP": 0.36,
        "UDP": 0.35328,
        "success": 3e-05
    },
    "9": {
        "lap_time": 2.4153578281402586e-06,
        "IP": 0.558,
        "UDP": 0.547584,
        "success": 4.65e-05
    },
    "12": {
        "lap_time": 2.963635802268982e-06,
        "IP": 0.75,
        "UDP": 0.736,
        "success": 6.25e-05
    },
    "18": {
        "lap_time": 4.142058491706848e-06,
        "IP": 1.098,
        "UDP": 1.077504,
        "success": 9.15e-05
    },
    "24": {
        "lap_time": 4.841662764549256e-06,
        "IP": 1.332,
        "UDP": 1.307136,
        "success": 0.000111
    },
    "36": {
        "lap_time": 6.913219213485718e-06,
        "IP": 1.854,
        "UDP": 1.819392,
        "success": 0.0001545
    },
    "48": {
        "lap_time": 8.869675397872925e-06,
        "IP": 2.418,
        "UDP": 2.372864,
        "success": 0.0002015
    },
    "54": {
        "lap_time": 9.379011273384095e-06,
        "IP": 2.562,
        "UDP": 2.514176,
        "success": 0.0002135
    }
}