{
    "6": {
        "lap_time": 1.4186816215515137,
        "IP": 360000.0,
        "UDP": 353280.0,
        "success": 30.0
    },
    "9": {
        "lap_time": 2.2631324529647827,
        "IP": 558000.0,
        "UDP": 547584.0,
        "success": 46.5
    },
    "12": {
        "lap_time": 2.932252526283264,
        "IP": 750000.0,
        "UDP": 736000.0,
        "success": 62.5
    },
    "18": {
        "lap_time": 4.090947389602661,
        "IP": 1098000.0,
        "UDP": 1077504.0,
        "success": 91.5
    },
    "24": {
        "lap_time": 4.944831967353821,
        "IP": 1332000.0,
        "UDP": 1307136.0,
        "success": 111.0
    },
    "36": {
        "lap_time": 7.04136049747467,
        "IP": 1854000.0,
        "UDP": 1819392.0,
        "success": 154.5
    },
    "48": {
        "lap_time": 9.27147352695465,
        "IP": 2418000.0,
        "UDP": 2372864.0,
        "success": 201.5
    },
    "54": {
        "lap_time": 9.696054577827454,
        "IP": 2562000.0,
        "UDP": 2514176.0,
        "success": 213.5
    }
}