{
    "duration": 100000,
    "count": 2,
    "version": "IEEE802dot11Version.a",
    "result": {
        "6": {
            "lap_time": 1.9405035972595215,
            "IP": 0.36,
            "UDP": 0.35328,
            "success": 3.0
        },
        "9": {
            "lap_time": 1.981113314628601,
            "IP": 0.36,
            "UDP": 0.35328,
            "success": 3.0
        },
        "12": {
            "lap_time": 1.978981852531433,
            "IP": 0.36,
            "UDP": 0.35328,
            "success": 3.0
        },
        "18": {
            "lap_time": 1.9604767560958862,
            "IP": 0.36,
            "UDP": 0.35328,
            "success": 3.0
        },
        "24": {
            "lap_time": 2.0605363845825195,
            "IP": 0.36,
            "UDP": 0.35328,
            "success": 3.0
        },
        "36": {
            "lap_time": 2.0355700254440308,
            "IP": 0.36,
            "UDP": 0.35328,
            "success": 3.0
        },
        "48": {
            "lap_time": 1.929924488067627,
            "IP": 0.36,
            "UDP": 0.35328,
            "success": 3.0
        },
        "54": {
            "lap_time": 1.9486443996429443,
            "IP": 0.36,
            "UDP": 0.35328,
            "success": 3.0
        }
    }
}