{
    "duration": 100000,
    "count": 2,
    "version": "None",
    "result": {
        "6": {
            "lap_time": 1.4528557062149048,
            "IP": 3.6,
            "UDP": 3.5328,
            "success": 30.0
        },
        "9": {
            "lap_time": 2.1829346418380737,
            "IP": 5.58,
            "UDP": 5.47584,
            "success": 46.5
        },
        "12": {
            "lap_time": 3.03427255153656,
            "IP": 7.5,
            "UDP": 7.36,
            "success": 62.5
        },
        "18": {
            "lap_time": 4.385884165763855,
            "IP": 10.98,
            "UDP": 10.77504,
            "success": 91.5
        },
        "24": {
            "lap_time": 5.231155276298523,
            "IP": 13.32,
            "UDP": 13.07136,
            "success": 111.0
        },
        "36": {
            "lap_time": 7.440024018287659,
            "IP": 18.54,
            "UDP": 18.19392,
            "success": 154.5
        },
        "48": {
            "lap_time": 9.551652312278748,
            "IP": 24.18,
            "UDP": 23.72864,
            "success": 201.5
        },
        "54": {
            "lap_time": 10.425995826721191,
            "IP": 25.62,
            "UDP": 25.14176,
            "success": 213.5
        }
    }
}