{
    "6": {
        "sum": 133.07999999999998,
        "len": 133.07999999999998,
        "mbps": 13.307999999999998
    },
    "9": {
        "sum": 132.72,
        "len": 132.72,
        "mbps": 13.272
    },
    "12": {
        "sum": 131.52,
        "len": 131.52,
        "mbps": 13.152000000000001
    },
    "18": {
        "sum": 133.56,
        "len": 133.56,
        "mbps": 13.356
    },
    "24": {
        "sum": 132.24,
        "len": 132.24,
        "mbps": 13.224
    },
    "36": {
        "sum": 135.48,
        "len": 135.48,
        "mbps": 13.547999999999998
    },
    "48": {
        "sum": 135.48,
        "len": 135.48,
        "mbps": 13.547999999999998
    },
    "54": {
        "sum": 133.44,
        "len": 133.44,
        "mbps": 13.344
    }
}