{
    "6": {
        "lap_time": 1.7100951671600342,
        "IP": 0.36,
        "UDP": 0.35328,
        "success": 30.0
    },
    "9": {
        "lap_time": 2.6044845581054688,
        "IP": 0.558,
        "UDP": 0.547584,
        "success": 46.5
    },
    "12": {
        "lap_time": 3.3380138874053955,
        "IP": 0.75,
        "UDP": 0.736,
        "success": 62.5
    },
    "18": {
        "lap_time": 4.555612206459045,
        "IP": 1.098,
        "UDP": 1.077504,
        "success": 91.5
    },
    "24": {
        "lap_time": 5.573184132575989,
        "IP": 1.332,
        "UDP": 1.307136,
        "success": 111.0
    },
    "36": {
        "lap_time": 7.874821782112122,
        "IP": 1.854,
        "UDP": 1.819392,
        "success": 154.5
    },
    "48": {
        "lap_time": 10.534147381782532,
        "IP": 2.418,
        "UDP": 2.372864,
        "success": 201.5
    },
    "54": {
        "lap_time": 11.197790622711182,
        "IP": 2.562,
        "UDP": 2.514176,
        "success": 213.5
    }
}