{
    "6": {
        "lap_time": 1.4142301082611084,
        "IP": 0.36,
        "UDP": 0.35328,
        "success": 30.0
    },
    "9": {
        "lap_time": 2.1893177032470703,
        "IP": 0.558,
        "UDP": 0.547584,
        "success": 46.5
    },
    "12": {
        "lap_time": 2.925445556640625,
        "IP": 0.75,
        "UDP": 0.736,
        "success": 62.5
    },
    "18": {
        "lap_time": 4.147378444671631,
        "IP": 1.098,
        "UDP": 1.077504,
        "success": 91.5
    },
    "24": {
        "lap_time": 5.093878626823425,
        "IP": 1.332,
        "UDP": 1.307136,
        "success": 111.0
    },
    "36": {
        "lap_time": 7.0260021686553955,
        "IP": 1.854,
        "UDP": 1.819392,
        "success": 154.5
    },
    "48": {
        "lap_time": 9.08711040019989,
        "IP": 2.418,
        "UDP": 2.372864,
        "success": 201.5
    },
    "54": {
        "lap_time": 9.549503207206726,
        "IP": 2.562,
        "UDP": 2.514176,
        "success": 213.5
    }
}