{
    "9": {
        "lap_time": 2.1754337549209595,
        "IP": 0.558,
        "UDP": 0.547584,
        "success": 46.5
    },
    "12": {
        "lap_time": 2.819894790649414,
        "IP": 0.75,
        "UDP": 0.736,
        "success": 62.5
    },
    "18": {
        "lap_time": 3.98508620262146,
        "IP": 1.098,
        "UDP": 1.077504,
        "success": 91.5
    },
    "24": {
        "lap_time": 4.8696794509887695,
        "IP": 1.332,
        "UDP": 1.307136,
        "success": 111.0
    },
    "36": {
        "lap_time": 6.905000448226929,
        "IP": 1.854,
        "UDP": 1.819392,
        "success": 154.5
    },
    "48": {
        "lap_time": 9.083958268165588,
        "IP": 2.418,
        "UDP": 2.372864,
        "success": 201.5
    },
    "54": {
        "lap_time": 9.538649439811707,
        "IP": 2.562,
        "UDP": 2.514176,
        "success": 213.5
    }
}