{
    "duration": 100000,
    "count": 2,
    "version": "IEEE802dot11Version.a",
    "result": {
        "6": {
            "lap_time": 0.7820152044296265,
            "IP": 360000.0,
            "UDP": 353280.0,
            "success": 30.0
        },
        "9": {
            "lap_time": 1.1724319458007812,
            "IP": 558000.0,
            "UDP": 547584.0,
            "success": 46.5
        },
        "12": {
            "lap_time": 1.5681363344192505,
            "IP": 750000.0,
            "UDP": 736000.0,
            "success": 62.5
        },
        "18": {
            "lap_time": 2.4514503479003906,
            "IP": 1098000.0,
            "UDP": 1077504.0,
            "success": 91.5
        },
        "24": {
            "lap_time": 3.1430643796920776,
            "IP": 1332000.0,
            "UDP": 1307136.0,
            "success": 111.0
        },
        "36": {
            "lap_time": 4.749312162399292,
            "IP": 1854000.0,
            "UDP": 1819392.0,
            "success": 154.5
        },
        "48": {
            "lap_time": 6.528100252151489,
            "IP": 2418000.0,
            "UDP": 2372864.0,
            "success": 201.5
        },
        "54": {
            "lap_time": 7.009969592094421,
            "IP": 2562000.0,
            "UDP": 2514176.0,
            "success": 213.5
        }
    }
}