{
    "duration": 100000,
    "count": 2,
    "version": "IEEE802dot11Version.a",
    "result": {
        "6": {
            "lap_time": 0.7829902172088623,
            "IP": 3.6,
            "UDP": 3.5328,
            "success": 30.0
        },
        "9": {
            "lap_time": 0.8645193576812744,
            "IP": 3.9,
            "UDP": 3.8272,
            "success": 32.5
        },
        "12": {
            "lap_time": 0.8387737274169922,
            "IP": 3.96,
            "UDP": 3.88608,
            "success": 33.0
        },
        "18": {
            "lap_time": 0.7475454807281494,
            "IP": 3.6,
            "UDP": 3.5328,
            "success": 30.0
        },
        "24": {
            "lap_time": 0.7419912815093994,
            "IP": 3.6,
            "UDP": 3.5328,
            "success": 30.0
        },
        "36": {
            "lap_time": 0.7492226362228394,
            "IP": 3.66,
            "UDP": 3.59168,
            "success": 30.5
        },
        "48": {
            "lap_time": 0.7149344682693481,
            "IP": 3.42,
            "UDP": 3.35616,
            "success": 28.5
        },
        "54": {
            "lap_time": 0.7712541818618774,
            "IP": 3.72,
            "UDP": 3.65056,
            "success": 31.0
        }
    }
}