{
    "duration": 100000,
    "count": 2,
    "version": "IEEE802dot11Version.a",
    "result": {
        "6": {
            "lap_time": 0.766081690788269,
            "IP": 3.5999999999999996,
            "UDP": 3.5328,
            "success": 30.0
        },
        "9": {
            "lap_time": 0.8673180341720581,
            "IP": 3.9000000000000004,
            "UDP": 3.8272000000000004,
            "success": 32.5
        },
        "12": {
            "lap_time": 0.7793831825256348,
            "IP": 3.9599999999999995,
            "UDP": 3.8860799999999998,
            "success": 33.0
        },
        "18": {
            "lap_time": 0.7687174081802368,
            "IP": 3.6,
            "UDP": 3.5328,
            "success": 30.0
        },
        "24": {
            "lap_time": 0.8652926683425903,
            "IP": 3.6,
            "UDP": 3.5328,
            "success": 30.0
        },
        "36": {
            "lap_time": 0.8503233194351196,
            "IP": 3.66,
            "UDP": 3.59168,
            "success": 30.5
        },
        "48": {
            "lap_time": 0.7746260166168213,
            "IP": 3.42,
            "UDP": 3.3561599999999996,
            "success": 28.5
        },
        "54": {
            "lap_time": 0.8346225023269653,
            "IP": 3.7200000000000006,
            "UDP": 3.6505600000000005,
            "success": 31.0
        }
    }
}