{
    "9": {
        "lap_time": 2.2523996829986572,
        "IP": 0.558,
        "UDP": 0.547584,
        "success": 46.5
    },
    "12": {
        "lap_time": 2.845139741897583,
        "IP": 0.75,
        "UDP": 0.736,
        "success": 62.5
    },
    "18": {
        "lap_time": 3.9926363229751587,
        "IP": 1.098,
        "UDP": 1.077504,
        "success": 91.5
    },
    "24": {
        "lap_time": 4.918367505073547,
        "IP": 1.332,
        "UDP": 1.307136,
        "success": 111.0
    },
    "36": {
        "lap_time": 6.975927710533142,
        "IP": 1.854,
        "UDP": 1.819392,
        "success": 154.5
    },
    "48": {
        "lap_time": 8.88509976863861,
        "IP": 2.418,
        "UDP": 2.372864,
        "success": 201.5
    },
    "54": {
        "lap_time": 9.259613156318665,
        "IP": 2.562,
        "UDP": 2.514176,
        "success": 213.5
    }
}