{
    "duration": 100000,
    "count": 2,
    "version": "IEEE802dot11Version.a",
    "result": {
        "6": {
            "lap_time": 0.38158118724823,
            "IP": 1.8,
            "UDP": 1.7664,
            "success": 15.0
        },
        "9": {
            "lap_time": 0.47726964950561523,
            "IP": 1.95,
            "UDP": 1.9136,
            "success": 16.25
        },
        "12": {
            "lap_time": 0.43852895498275757,
            "IP": 1.98,
            "UDP": 1.94304,
            "success": 16.5
        },
        "18": {
            "lap_time": 0.3833341598510742,
            "IP": 1.8,
            "UDP": 1.7664,
            "success": 15.0
        },
        "24": {
            "lap_time": 0.36934220790863037,
            "IP": 1.8,
            "UDP": 1.7664,
            "success": 15.0
        },
        "36": {
            "lap_time": 0.3741547465324402,
            "IP": 1.83,
            "UDP": 1.79584,
            "success": 15.25
        },
        "48": {
            "lap_time": 0.3577476143836975,
            "IP": 1.71,
            "UDP": 1.67808,
            "success": 14.25
        },
        "54": {
            "lap_time": 0.38724517822265625,
            "IP": 1.86,
            "UDP": 1.82528,
            "success": 15.5
        }
    }
}