{
    "duration": 100000,
    "count": 2,
    "version": "IEEE802dot11Version.a",
    "result": {
        "6": {
            "lap_time": 0.8249993324279785,
            "IP": 3.6,
            "UDP": 3.5328,
            "success": 30.0
        },
        "9": {
            "lap_time": 1.2874815464019775,
            "IP": 5.58,
            "UDP": 5.47584,
            "success": 46.5
        },
        "12": {
            "lap_time": 1.602912187576294,
            "IP": 7.5,
            "UDP": 7.36,
            "success": 62.5
        },
        "18": {
            "lap_time": 2.4728469848632812,
            "IP": 10.98,
            "UDP": 10.77504,
            "success": 91.5
        },
        "24": {
            "lap_time": 3.1177055835723877,
            "IP": 13.32,
            "UDP": 13.07136,
            "success": 111.0
        },
        "36": {
            "lap_time": 4.74002993106842,
            "IP": 18.54,
            "UDP": 18.19392,
            "success": 154.5
        },
        "48": {
            "lap_time": 6.610189914703369,
            "IP": 24.18,
            "UDP": 23.72864,
            "success": 201.5
        },
        "54": {
            "lap_time": 7.059303641319275,
            "IP": 25.62,
            "UDP": 25.14176,
            "success": 213.5
        }
    }
}