{
    "6": {
        "lap_time": 1.4633569717407227,
        "IP": 0.36,
        "UDP": 0.35328,
        "success": 30.0
    },
    "9": {
        "lap_time": 2.2187812328338623,
        "IP": 0.558,
        "UDP": 0.547584,
        "success": 46.5
    },
    "12": {
        "lap_time": 2.844064474105835,
        "IP": 0.75,
        "UDP": 0.736,
        "success": 62.5
    },
    "18": {
        "lap_time": 4.024229288101196,
        "IP": 1.098,
        "UDP": 1.077504,
        "success": 91.5
    },
    "24": {
        "lap_time": 4.915278911590576,
        "IP": 1.332,
        "UDP": 1.307136,
        "success": 111.0
    },
    "36": {
        "lap_time": 6.932657241821289,
        "IP": 1.854,
        "UDP": 1.819392,
        "success": 154.5
    },
    "48": {
        "lap_time": 9.288044095039368,
        "IP": 2.418,
        "UDP": 2.372864,
        "success": 201.5
    },
    "54": {
        "lap_time": 9.76671552658081,
        "IP": 2.562,
        "UDP": 2.514176,
        "success": 213.5
    }
}