{
    "duration": 100000,
    "count": 2,
    "version": "IEEE802dot11Version.a",
    "result": {
        "6": {
            "lap_time": 0.3830340504646301,
            "IP": 1.8,
            "UDP": 1.7664,
            "success": 15.0
        },
        "9": {
            "lap_time": 0.44460344314575195,
            "IP": 1.95,
            "UDP": 1.9136,
            "success": 16.25
        },
        "12": {
            "lap_time": 0.43654948472976685,
            "IP": 1.98,
            "UDP": 1.94304,
            "success": 16.5
        },
        "18": {
            "lap_time": 0.4408595561981201,
            "IP": 1.8,
            "UDP": 1.7664,
            "success": 15.0
        },
        "24": {
            "lap_time": 0.40221166610717773,
            "IP": 1.8,
            "UDP": 1.7664,
            "success": 15.0
        },
        "36": {
            "lap_time": 0.3780363202095032,
            "IP": 1.83,
            "UDP": 1.79584,
            "success": 15.25
        },
        "48": {
            "lap_time": 0.35774916410446167,
            "IP": 1.71,
            "UDP": 1.67808,
            "success": 14.25
        },
        "54": {
            "lap_time": 0.3880557417869568,
            "IP": 1.86,
            "UDP": 1.82528,
            "success": 15.5
        }
    }
}