{
    "6": {
        "lap_time": 1.569024920463562,
        "IP": 0.36,
        "UDP": 0.35328,
        "success": 30.0
    },
    "9": {
        "lap_time": 2.259543776512146,
        "IP": 0.558,
        "UDP": 0.547584,
        "success": 46.5
    },
    "12": {
        "lap_time": 2.932425379753113,
        "IP": 0.75,
        "UDP": 0.736,
        "success": 62.5
    },
    "18": {
        "lap_time": 3.948413848876953,
        "IP": 1.098,
        "UDP": 1.077504,
        "success": 91.5
    },
    "24": {
        "lap_time": 4.820634126663208,
        "IP": 1.332,
        "UDP": 1.307136,
        "success": 111.0
    },
    "36": {
        "lap_time": 7.042377233505249,
        "IP": 1.854,
        "UDP": 1.819392,
        "success": 154.5
    },
    "48": {
        "lap_time": 9.043903946876526,
        "IP": 2.418,
        "UDP": 2.372864,
        "success": 201.5
    },
    "54": {
        "lap_time": 9.42003619670868,
        "IP": 2.562,
        "UDP": 2.514176,
        "success": 213.5
    }
}