{
    "duration": 100000,
    "count": 2,
    "version": "IEEE802dot11Version.a",
    "result": {
        "6": {
            "lap_time": 2.1744883060455322,
            "IP": 0.36,
            "UDP": 0.35328,
            "success": 3.0
        },
        "9": {
            "lap_time": 2.155673384666443,
            "IP": 0.36,
            "UDP": 0.35328,
            "success": 3.0
        },
        "12": {
            "lap_time": 2.143019199371338,
            "IP": 0.36,
            "UDP": 0.35328,
            "success": 3.0
        },
        "18": {
            "lap_time": 2.088704228401184,
            "IP": 0.36,
            "UDP": 0.35328,
            "success": 3.0
        },
        "24": {
            "lap_time": 1.8794344663619995,
            "IP": 0.36,
            "UDP": 0.35328,
            "success": 3.0
        },
        "36": {
            "lap_time": 1.891507625579834,
            "IP": 0.36,
            "UDP": 0.35328,
            "success": 3.0
        },
        "48": {
            "lap_time": 1.8955415487289429,
            "IP": 0.36,
            "UDP": 0.35328,
            "success": 3.0
        },
        "54": {
            "lap_time": 1.9790054559707642,
            "IP": 0.36,
            "UDP": 0.35328,
            "success": 3.0
        }
    }
}