{
    "6": [
        [
            19.526543140411377,
            5376000,
            5275648,
            448
        ],
        [
            19.788217782974243,
            5376000,
            5275648,
            448
        ],
        [
            19.64818549156189,
            5376000,
            5275648,
            448
        ],
        [
            19.825226545333862,
            5376000,
            5275648,
            448
        ],
        [
            19.517539024353027,
            5376000,
            5275648,
            448
        ],
        [
            19.561166286468506,
            5376000,
            5275648,
            448
        ],
        [
            19.751209020614624,
            5388000,
            5287424,
            449
        ],
        [
            19.77721333503723,
            5376000,
            5275648,
            448
        ],
        [
            19.83022689819336,
            5376000,
            5275648,
            448
        ],
        [
            19.49014925956726,
            5376000,
            5275648,
            448
        ]
    ],
    "9": [
        [
            38.31845259666443,
            7788000,
            7642624,
            649
        ],
        [
            38.630523681640625,
            7800000,
            7654400,
            650
        ],
        [
            38.736549377441406,
            7788000,
            7642624,
            649
        ],
        [
            38.99760890007019,
            7788000,
            7642624,
            649
        ],
        [
            38.37146520614624,
            7788000,
            7642624,
            649
        ],
        [
            39.09241223335266,
            7788000,
            7642624,
            649
        ],
        [
            38.02425932884216,
            7788000,
            7642624,
            649
        ],
        [
            38.49836754798889,
            7800000,
            7654400,
            650
        ],
        [
            38.2677001953125,
            7788000,
            7642624,
            649
        ],
        [
            38.37472438812256,
            7776000,
            7630848,
            648
        ]
    ],
    "12": [
        [
            59.82081580162048,
            10068000,
            9880064,
            839
        ],
        [
            59.88559675216675,
            10008000,
            9821184,
            834
        ],
        [
            59.981618881225586,
            10044000,
            9856512,
            837
        ],
        [
            60.20922040939331,
            10056000,
            9868288,
            838
        ],
        [
            60.40186858177185,
            10056000,
            9868288,
            838
        ],
        [
            59.821131229400635,
            10044000,
            9856512,
            837
        ],
        [
            58.2936315536499,
            10020000,
            9832960,
            835
        ],
        [
            58.40670442581177,
            10044000,
            9856512,
            837
        ],
        [
            58.36969614028931,
            10032000,
            9844736,
            836
        ],
        [
            58.804194927215576,
            10044000,
            9856512,
            837
        ]
    ],
    "18": [
        [
            111.2019100189209,
            14160000,
            13895680,
            1180
        ],
        [
            110.64800190925598,
            14160000,
            13895680,
            1180
        ],
        [
            109.71702075004578,
            14148000,
            13883904,
            1179
        ],
        [
            110.17457461357117,
            14136000,
            13872128,
            1178
        ],
        [
            110.42263078689575,
            14160000,
            13895680,
            1180
        ],
        [
            110.24959135055542,
            14184000,
            13919232,
            1182
        ],
        [
            110.2611391544342,
            14208000,
            13942784,
            1184
        ],
        [
            110.7324812412262,
            14172000,
            13907456,
            1181
        ],
        [
            109.74649977684021,
            14124000,
            13860352,
            1177
        ],
        [
            110.32883906364441,
            14196000,
            13931008,
            1183
        ]
    ],
    "24": [
        [
            167.53443813323975,
            17652000,
            17322496,
            1471
        ],
        [
            169.02653431892395,
            17688000,
            17357824,
            1474
        ],
        [
            168.0329818725586,
            17652000,
            17322496,
            1471
        ],
        [
            166.68663263320923,
            17640000,
            17310720,
            1470
        ],
        [
            167.79392647743225,
            17700000,
            17369600,
            1475
        ],
        [
            168.2961323261261,
            17700000,
            17369600,
            1475
        ],
        [
            168.00750255584717,
            17700000,
            17369600,
            1475
        ],
        [
            167.59812808036804,
            17652000,
            17322496,
            1471
        ],
        [
            167.53196597099304,
            17688000,
            17357824,
            1474
        ],
        [
            169.118554353714,
            17724000,
            17393152,
            1477
        ]
    ],
    "36": [
        [
            297.511962890625,
            23832000,
            23387136,
            1986
        ],
        [
            300.71957540512085,
            23880000,
            23434240,
            1990
        ],
        [
            300.4230692386627,
            23880000,
            23434240,
            1990
        ],
        [
            296.94806480407715,
            23820000,
            23375360,
            1985
        ],
        [
            298.3441925048828,
            23820000,
            23375360,
            1985
        ],
        [
            299.3980782032013,
            23784000,
            23340032,
            1982
        ],
        [
            300.3741297721863,
            23928000,
            23481344,
            1994
        ],
        [
            299.0843679904938,
            23808000,
            23363584,
            1984
        ],
        [
            297.51096630096436,
            23808000,
            23363584,
            1984
        ],
        [
            299.9759838581085,
            23808000,
            23363584,
            1984
        ]
    ],
    "48": [
        [
            426.29474544525146,
            28632000,
            28097536,
            2386
        ],
        [
            430.837607383728,
            28752000,
            28215296,
            2396
        ],
        [
            429.0265908241272,
            28668000,
            28132864,
            2389
        ],
        [
            429.3283803462982,
            28740000,
            28203520,
            2395
        ],
        [
            422.30206298828125,
            28596000,
            28062208,
            2383
        ],
        [
            429.1391863822937,
            28752000,
            28215296,
            2396
        ],
        [
            411.0653579235077,
            28584000,
            28050432,
            2382
        ],
        [
            415.2202560901642,
            28704000,
            28168192,
            2392
        ],
        [
            408.3748893737793,
            28572000,
            28038656,
            2381
        ],
        [
            408.6645359992981,
            28572000,
            28038656,
            2381
        ]
    ],