{
    "6": [
        [
            21.19156503677368,
            5376000,
            5275648,
            448
        ],
        [
            21.193516731262207,
            5376000,
            5275648,
            448
        ],
        [
            20.896449089050293,
            5376000,
            5275648,
            448
        ],
        [
            20.911452293395996,
            5376000,
            5275648,
            448
        ],
        [
            20.72340965270996,
            5376000,
            5275648,
            448
        ],
        [
            21.015613317489624,
            5376000,
            5275648,
            448
        ],
        [
            20.738550424575806,
            5388000,
            5287424,
            449
        ],
        [
            21.0101797580719,
            5376000,
            5275648,
            448
        ],
        [
            20.932161808013916,
            5376000,
            5275648,
            448
        ],
        [
            21.19622230529785,
            5376000,
            5275648,
            448
        ]
    ],
    "9": [
        [
            39.857070207595825,
            7788000,
            7642624,
            649
        ],
        [
            40.015599727630615,
            7800000,
            7654400,
            650
        ],
        [
            40.464601278305054,
            7788000,
            7642624,
            649
        ],
        [
            39.501463651657104,
            7788000,
            7642624,
            649
        ],
        [
            39.534470558166504,
            7788000,
            7642624,
            649
        ],
        [
            40.01913666725159,
            7788000,
            7642624,
            649
        ],
        [
            38.10559415817261,
            7788000,
            7642624,
            649
        ],
        [
            38.279234886169434,
            7800000,
            7654400,
            650
        ],
        [
            37.99373817443848,
            7788000,
            7642624,
            649
        ],
        [
            38.293237924575806,
            7776000,
            7630848,
            648
        ]
    ],
    "12": [
        [
            61.04502487182617,
            10068000,
            9880064,
            839
        ],
        [
            60.17282795906067,
            10008000,
            9821184,
            834
        ],
        [
            61.018099546432495,
            10044000,
            9856512,
            837
        ],
        [
            61.053551197052,
            10056000,
            9868288,
            838
        ],
        [
            60.758482694625854,
            10056000,
            9868288,
            838
        ],
        [
            60.93952560424805,
            10044000,
            9856512,
            837
        ],
        [
            59.89560866355896,
            10020000,
            9832960,
            835
        ],
        [
            60.39372134208679,
            10044000,
            9856512,
            837
        ],
        [
            59.979626417160034,
            10032000,
            9844736,
            836
        ],
        [
            60.21868109703064,
            10044000,
            9856512,
            837
        ]
    ],
    "18": [
        [
            115.53332233428955,
            14160000,
            13895680,
            1180
        ],
        [
            115.36028361320496,
            14160000,
            13895680,
            1180
        ],
        [
            113.72927784919739,
            14148000,
            13883904,
            1179
        ],
        [
            113.11069226264954,
            14136000,
            13872128,
            1178
        ],
        [
            114.0437479019165,
            14160000,
            13895680,
            1180
        ],
        [
            114.5838692188263,
            14184000,
            13919232,
            1182
        ],
        [
            114.97358202934265,
            14208000,
            13942784,
            1184
        ],
        [
            114.34844160079956,
            14172000,
            13907456,
            1181
        ],
        [
            114.2393250465393,
            14124000,
            13860352,
            1177
        ],
        [
            115.21254348754883,
            14196000,
            13931008,
            1183
        ]
    ],
    "24": [
        [
            177.49423480033875,
            17652000,
            17322496,
            1471
        ],
        [
            178.58939361572266,
            17688000,
            17357824,
            1474
        ],
        [
            177.9886658191681,
            17652000,
            17322496,
            1471
        ],
        [
            177.4585461616516,
            17640000,
            17310720,
            1470
        ],
        [
            180.38720989227295,
            17700000,
            17369600,
            1475
        ],
        [
            179.70905542373657,
            17700000,
            17369600,
            1475
        ],
        [
            186.6339569091797,
            17700000,
            17369600,
            1475
        ],
        [
            185.8997905254364,
            17652000,
            17322496,
            1471
        ],
        [
            186.11007404327393,
            17688000,
            17357824,
            1474
        ],
        [
            186.72246432304382,
            17724000,
            17393152,
            1477
        ]
    ],
    "36": [
        [
            330.32439947128296,
            23832000,
            23387136,
            1986
        ],
        [
            329.9887170791626,
            23880000,
            23434240,
            1990
        ],
        [
            329.3066785335541,
            23880000,
            23434240,
            1990
        ],
        [
            328.77102041244507,
            23820000,
            23375360,
            1985
        ],
        [
            330.05818819999695,
            23820000,
            23375360,
            1985
        ],
        [
            327.91582584381104,
            23784000,
            23340032,
            1982
        ],
        [
            331.5511825084686,
            23928000,
            23481344,
            1994
        ],
        [
            328.9949357509613,
            23808000,
            23363584,
            1984
        ],
        [
            324.1879963874817,
            23808000,
            23363584,
            1984
        ],
        [
            324.6564164161682,
            23808000,
            23363584,
            1984
        ]
    ],
    "48": [
        [
            459.5255422592163,
            28632000,
            28097536,
            2386
        ],
        [
            464.6581246852875,
            28752000,
            28215296,
            2396
        ],
        [
            456.47550201416016,
            28668000,
            28132864,
            2389
        ],
        [
            458.0518629550934,
            28740000,
            28203520,
            2395
        ],
        [
            449.8834948539734,
            28596000,
            28062208,
            2383
        ],
        [
            452.41427206993103,
            28752000,
            28215296,
            2396
        ],
        [
            430.72357058525085,
            28584000,
            28050432,
            2382
        ],
        [
            434.0681326389313,
            28704000,
            28168192,
            2392
        ],
        [
            427.3549802303314,
            28572000,
            28038656,
            2381
        ],
        [
            428.87348771095276,
            28572000,
            28038656,
            2381
        ]
    ],