{
    "6": [
        [
            37.60223722457886,
            864000,
            847872,
            72
        ],
        [
            35.62627673149109,
            792000,
            777216,
            66
        ],
        [
            38.74284815788269,
            924000,
            906752,
            77
        ],
        [
            35.25592541694641,
            768000,
            753664,
            64
        ],
        [
            35.01911282539368,
            756000,
            741888,
            63
        ],
        [
            33.36316108703613,
            672000,
            659456,
            56
        ],
        [
            33.873730421066284,
            672000,
            659456,
            56
        ],
        [
            35.79426431655884,
            756000,
            741888,
            63
        ],
        [
            35.97530770301819,
            792000,
            777216,
            66
        ],
        [
            36.20036053657532,
            792000,
            777216,
            66
        ]
    ],
    "9": [
        [
            50.75855278968811,
            1032000,
            1012736,
            86
        ],
        [
            54.41090536117554,
            1200000,
            1177600,
            100
        ],
        [
            51.100847005844116,
            1044000,
            1024512,
            87
        ],
        [
            52.01913809776306,
            1092000,
            1071616,
            91
        ],
        [
            50.650951862335205,
            1008000,
            989184,
            84
        ],
        [
            53.13803696632385,
            1140000,
            1118720,
            95
        ],
        [
            54.75073313713074,
            1212000,
            1189376,
            101
        ],
        [
            50.040451526641846,
            972000,
            953856,
            81
        ],
        [
            51.948596477508545,
            1104000,
            1083392,
            92
        ],
        [
            52.72377371788025,
            1116000,
            1095168,
            93
        ]
    ],
    "12": [
        [
            67.67087149620056,
            1332000,
            1307136,
            111
        ],
        [
            73.2255265712738,
            1620000,
            1589760,
            135
        ],
        [
            71.69553136825562,
            1548000,
            1519104,
            129
        ],
        [
            69.49735713005066,
            1440000,
            1413120,
            120
        ],
        [
            69.58841943740845,
            1416000,
            1389568,
            118
        ],
        [
            64.74418711662292,
            1212000,
            1189376,
            101
        ],
        [
            74.73665070533752,
            1656000,
            1625088,
            138
        ],
        [
            74.3885703086853,
            1680000,
            1648640,
            140
        ],
        [
            67.96969079971313,
            1392000,
            1366016,
            116
        ],
        [
            68.45672225952148,
            1380000,
            1354240,
            115
        ]
    ],
    "18": [
        [
            105.03852891921997,
            2172000,
            2131456,
            181
        ],
        [
            103.88026285171509,
            2172000,
            2131456,
            181
        ],
        [
            103.66306948661804,
            2160000,
            2119680,
            180
        ],
        [
            109.07779788970947,
            2436000,
            2390528,
            203
        ],
        [
            100.48459148406982,
            1980000,
            1943040,
            165
        ],
        [
            105.77148962020874,
            2208000,
            2166784,
            184
        ],
        [
            99.3872594833374,
            1968000,
            1931264,
            164
        ],
        [
            98.54826784133911,
            1872000,
            1837056,
            156
        ],
        [
            102.64716982841492,
            2100000,
            2060800,
            175
        ],
        [
            101.05559849739075,
            1980000,
            1943040,
            165
        ]
    ],
    "24": [
        [
            142.75192594528198,
            3144000,
            3085312,
            262
        ],
        [
            131.98410272598267,
            2628000,
            2578944,
            219
        ],
        [
            135.6861710548401,
            2796000,
            2743808,
            233
        ],
        [
            134.94894218444824,
            2760000,
            2708480,
            230
        ],
        [
            127.45980453491211,
            2304000,
            2260992,
            192
        ],
        [
            132.04563307762146,
            2604000,
            2555392,
            217
        ],
        [
            134.62122917175293,
            2664000,
            2614272,
            222
        ],
        [
            137.39541912078857,
            2856000,
            2802688,
            238
        ],
        [
            133.4480857849121,
            2724000,
            2673152,
            227
        ],
        [
            135.68918681144714,
            2784000,
            2732032,
            232
        ]
    ],
    "36": [
        [
            193.1872820854187,
            3924000,
            3850752,
            327
        ],
        [
            188.0524880886078,
            3672000,
            3603456,
            306
        ],
        [
            191.86775135993958,
            3768000,
            3697664,
            314
        ],
        [
            194.81103420257568,
            3936000,
            3862528,
            328
        ],
        [
            201.07557368278503,
            4164000,
            4086272,
            347
        ],
        [
            199.23694849014282,
            4104000,
            4027392,
            342
        ],
        [
            198.13388085365295,
            4104000,
            4027392,
            342
        ],
        [
            186.3553626537323,
            3504000,
            3438592,
            292
        ],
        [
            193.68162846565247,
            3864000,
            3791872,
            322
        ],
        [
            195.83452343940735,
            4020000,
            3944960,
            335
        ]
    ],
    "48": [
        [
            249.76241660118103,
            4980000,
            4887040,
            415
        ],
        [
            250.13629412651062,
            4980000,
            4887040,
            415
        ],
        [
            250.82862758636475,
            5052000,
            4957696,
            421
        ],
        [
            242.02927494049072,
            4668000,
            4580864,
            389
        ],
        [
            239.6292142868042,
            4608000,
            4521984,
            384
        ],
        [
            244.87394976615906,
            4860000,
            4769280,
            405
        ],
        [
            242.02869820594788,
            5016000,
            4922368,
            418
        ],
        [
            242.23893904685974,
            5016000,
            4922368,
            418
        ],
        [
            242.77422785758972,
            5028000,
            4934144,
            419
        ],
        [
            236.9249963760376,
            4848000,
            4757504,
            404
        ]
    ],