{
    "6": [
        [
            38.49955749511719,
            552000,
            541696,
            46
        ],
        [
            38.38662028312683,
            540000,
            529920,
            45
        ],
        [
            39.735527992248535,
            576000,
            565248,
            48
        ],
        [
            40.17790603637695,
            612000,
            600576,
            51
        ],
        [
            36.13740658760071,
            444000,
            435712,
            37
        ],
        [
            35.63629198074341,
            432000,
            423936,
            36
        ],
        [
            40.23391890525818,
            588000,
            577024,
            49
        ],
        [
            37.72840356826782,
            516000,
            506368,
            43
        ],
        [
            36.63652157783508,
            468000,
            459264,
            39
        ],
        [
            38.75557994842529,
            552000,
            541696,
            46
        ]
    ],
    "9": [
        [
            59.72970104217529,
            900000,
            883200,
            75
        ],
        [
            55.40179133415222,
            732000,
            718336,
            61
        ],
        [
            56.35695123672485,
            744000,
            730112,
            62
        ],
        [
            57.38918709754944,
            780000,
            765440,
            65
        ],
        [
            55.52776026725769,
            708000,
            694784,
            59
        ],
        [
            59.06148838996887,
            876000,
            859648,
            73
        ],
        [
            57.38383507728577,
            792000,
            777216,
            66
        ],
        [
            56.01941442489624,
            756000,
            741888,
            63
        ],
        [
            57.28543400764465,
            780000,
            765440,
            65
        ],
        [
            54.20099973678589,
            684000,
            671232,
            57
        ]
    ],
    "12": [
        [
            72.60696482658386,
            912000,
            894976,
            76
        ],
        [
            75.5436372756958,
            1044000,
            1024512,
            87
        ],
        [
            79.12203860282898,
            1200000,
            1177600,
            100
        ],
        [
            74.68549966812134,
            972000,
            953856,
            81
        ],
        [
            80.00654792785645,
            1260000,
            1236480,
            105
        ],
        [
            77.13758492469788,
            1092000,
            1071616,
            91
        ],
        [
            81.62120413780212,
            1284000,
            1260032,
            107
        ],
        [
            79.53728032112122,
            1224000,
            1201152,
            102
        ],
        [
            75.51537346839905,
            1044000,
            1024512,
            87
        ],
        [
            78.54169750213623,
            1164000,
            1142272,
            97
        ]
    ],
    "18": [
        [
            114.38029670715332,
            1620000,
            1589760,
            135
        ],
        [
            111.8077073097229,
            1512000,
            1483776,
            126
        ],
        [
            113.8143379688263,
            1584000,
            1554432,
            132
        ],
        [
            110.86953520774841,
            1500000,
            1472000,
            125
        ],
        [
            115.41983675956726,
            1620000,
            1589760,
            135
        ],
        [
            106.136958360672,
            1224000,
            1201152,
            102
        ],
        [
            115.8748037815094,
            1656000,
            1625088,
            138
        ],
        [
            112.96060991287231,
            1560000,
            1530880,
            130
        ],
        [
            113.01062178611755,
            1572000,
            1542656,
            131
        ],
        [
            117.52398252487183,
            1692000,
            1660416,
            141
        ]
    ],
    "24": [
        [
            143.6476013660431,
            1908000,
            1872384,
            159
        ],
        [
            146.74549746513367,
            1968000,
            1931264,
            164
        ],
        [
            150.39253664016724,
            2160000,
            2119680,
            180
        ],
        [
            154.16613388061523,
            2256000,
            2213888,
            188
        ],
        [
            146.27296257019043,
            1956000,
            1919488,
            163
        ],
        [
            146.9618055820465,
            1980000,
            1943040,
            165
        ],
        [
            146.38668179512024,
            1896000,
            1860608,
            158
        ],
        [
            145.2041745185852,
            1932000,
            1895936,
            161
        ],
        [
            149.3260886669159,
            2076000,
            2037248,
            173
        ],
        [
            147.33384704589844,
            1968000,
            1931264,
            164
        ]
    ],
    "36": [
        [
            207.19389963150024,
            2652000,
            2602496,
            221
        ],
        [
            217.0222418308258,
            2988000,
            2932224,
            249
        ],
        [
            211.7159776687622,
            2880000,
            2826240,
            240
        ],
        [
            216.35613012313843,
            3012000,
            2955776,
            251
        ],
        [
            213.42348504066467,
            2940000,
            2885120,
            245
        ],
        [
            214.61806750297546,
            2928000,
            2873344,
            244
        ],
        [
            204.92063856124878,
            2640000,
            2590720,
            220
        ],
        [
            209.32683086395264,
            2832000,
            2779136,
            236
        ],
        [
            219.04343128204346,
            3132000,
            3073536,
            261
        ],
        [
            214.82813954353333,
            3024000,
            2967552,
            252
        ]
    ],
    "48": [
        [
            274.12965178489685,
            3696000,
            3627008,
            308
        ],
        [
            273.2183666229248,
            3744000,
            3674112,
            312
        ],
        [
            270.4146888256073,
            3708000,
            3638784,
            309
        ],
        [
            267.6452901363373,
            3552000,
            3485696,
            296
        ],
        [
            269.93744444847107,
            3648000,
            3579904,
            304
        ],
        [
            277.0632154941559,
            3936000,
            3862528,
            328
        ],
        [
            265.236581325531,
            3744000,
            3674112,
            312
        ],
        [
            269.45744371414185,
            3924000,
            3850752,
            327
        ],
        [
            262.71761679649353,
            3744000,
            3674112,
            312
        ],
        [
            260.5007154941559,
            3660000,
            3591680,
            305
        ]
    ],