{
    "6": [
        [
            9.923844337463379,
            34200000,
            33561600,
            5700
        ]
    ],
    "9": [
        [
            14.487961292266846,
            50340000,
            49400320,
            8390
        ]
    ],
    "12": [
        [
            18.165337324142456,
            65700000,
            64473600,
            10950
        ]
    ],
    "18": [
        [
            28.95658016204834,
            96156000,
            94361088,
            16026
        ]
    ],
    "24": [
        [
            32.09091114997864,
            121956000,
            119679488,
            20326
        ]
    ],
    "36": [
        [
            43.20978331565857,
            171744000,
            168538112,
            28624
        ]
    ],
    "48": [
        [
            52.56899118423462,
            212568000,
            208600064,
            35428
        ]
    ],
    "54": [
        [
            57.80351710319519,
            236244000,
            231834112,
            39374
        ]
    ]
}