{
    "6": [
        [
            21.749517679214478,
            1464000,
            1436672,
            122
        ],
        [
            22.91899800300598,
            1560000,
            1530880,
            130
        ],
        [
            23.344313859939575,
            1560000,
            1530880,
            130
        ],
        [
            21.062612056732178,
            1440000,
            1413120,
            120
        ],
        [
            21.94425106048584,
            1440000,
            1413120,
            120
        ],
        [
            22.142670154571533,
            1452000,
            1424896,
            121
        ],
        [
            21.6695556640625,
            1440000,
            1413120,
            120
        ],
        [
            20.18679976463318,
            1308000,
            1283584,
            109
        ],
        [
            21.648873805999756,
            1380000,
            1354240,
            115
        ],
        [
            22.935299158096313,
            1572000,
            1542656,
            131
        ]
    ],
    "9": [
        [
            33.2066752910614,
            2196000,
            2155008,
            183
        ],
        [
            37.26799154281616,
            2508000,
            2461184,
            209
        ],
        [
            35.1658194065094,
            2340000,
            2296320,
            195
        ],
        [
            34.815041065216064,
            2340000,
            2296320,
            195
        ],
        [
            32.69833707809448,
            2184000,
            2143232,
            182
        ],
        [
            33.98356008529663,
            2208000,
            2166784,
            184
        ],
        [
            34.744041442871094,
            2292000,
            2249216,
            191
        ],
        [
            34.33939290046692,
            2292000,
            2249216,
            191
        ],
        [
            34.398324966430664,
            2292000,
            2249216,
            191
        ],
        [
            35.74493408203125,
            2328000,
            2284544,
            194
        ]
    ],
    "12": [
        [
            45.831950426101685,
            2940000,
            2885120,
            245
        ],
        [
            47.82336759567261,
            3168000,
            3108864,
            264
        ],
        [
            46.05536365509033,
            3036000,
            2979328,
            253
        ],
        [
            45.49927735328674,
            3036000,
            2979328,
            253
        ],
        [
            46.045196771621704,
            2964000,
            2908672,
            247
        ],
        [
            46.31212854385376,
            2988000,
            2932224,
            249
        ],
        [
            46.4447820186615,
            2964000,
            2908672,
            247
        ],
        [
            48.22778582572937,
            3132000,
            3073536,
            261
        ],
        [
            45.83379101753235,
            2976000,
            2920448,
            248
        ],
        [
            47.21607804298401,
            3024000,
            2967552,
            252
        ]
    ],
    "18": [
        [
            74.01210737228394,
            4656000,
            4569088,
            388
        ],
        [
            70.48760843276978,
            4452000,
            4368896,
            371
        ],
        [
            72.2967586517334,
            4512000,
            4427776,
            376
        ],
        [
            70.35730361938477,
            4440000,
            4357120,
            370
        ],
        [
            73.31023931503296,
            4656000,
            4569088,
            388
        ],
        [
            71.9674003124237,
            4548000,
            4463104,
            379
        ],
        [
            69.72234678268433,
            4344000,
            4262912,
            362
        ],
        [
            71.10333108901978,
            4488000,
            4404224,
            374
        ],
        [
            72.0745849609375,
            4620000,
            4533760,
            385
        ],
        [
            71.8551971912384,
            4560000,
            4474880,
            380
        ]
    ],
    "24": [
        [
            94.4264600276947,
            5916000,
            5805568,
            493
        ],
        [
            93.52547264099121,
            5724000,
            5617152,
            477
        ],
        [
            94.70512747764587,
            5808000,
            5699584,
            484
        ],
        [
            98.25322604179382,
            6072000,
            5958656,
            506
        ],
        [
            94.91349601745605,
            5808000,
            5699584,
            484
        ],
        [
            95.19826936721802,
            5700000,
            5593600,
            475
        ],
        [
            96.51973819732666,
            5964000,
            5852672,
            497
        ],
        [
            100.64557385444641,
            6180000,
            6064640,
            515
        ],
        [
            97.54913449287415,
            5988000,
            5876224,
            499
        ],
        [
            96.03910255432129,
            5784000,
            5676032,
            482
        ]
    ],
    "36": [
        [
            150.48029851913452,
            8844000,
            8678912,
            737
        ],
        [
            146.40486788749695,
            8460000,
            8302080,
            705
        ],
        [
            146.3663468360901,
            8484000,
            8325632,
            707
        ],
        [
            143.8936562538147,
            8436000,
            8278528,
            703
        ],
        [
            142.91946125030518,
            8412000,
            8254976,
            701
        ],
        [
            144.48791217803955,
            8424000,
            8266752,
            702
        ],
        [
            140.0516300201416,
            8184000,
            8031232,
            682
        ],
        [
            141.55645990371704,
            8256000,
            8101888,
            688
        ],
        [
            143.65630841255188,
            8232000,
            8078336,
            686
        ],
        [
            147.03607416152954,
            8604000,
            8443392,
            717
        ]
    ],
    "48": [
        [
            190.62134504318237,
            10536000,
            10339328,
            878
        ],
        [
            189.53628373146057,
            10656000,
            10457088,
            888
        ],
        [
            186.53249144554138,
            10476000,
            10280448,
            873
        ],
        [
            185.0975432395935,
            10416000,
            10221568,
            868
        ],
        [
            190.38020825386047,
            10668000,
            10468864,
            889
        ],
        [
            189.55434656143188,
            10668000,
            10468864,
            889
        ],
        [
            184.73246002197266,
            10584000,
            10386432,
            882
        ],
        [
            182.15644693374634,
            10560000,
            10362880,
            880
        ],
        [
            182.71613430976868,
            10488000,
            10292224,
            874
        ],
        [
            184.0500910282135,
            10584000,
            10386432,
            882
        ]
    ],