{
    "6": [
        [
            28.066243648529053,
            1692000,
            1660416,
            141
        ],
        [
            27.91180968284607,
            1716000,
            1683968,
            143
        ],
        [
            29.627241134643555,
            1848000,
            1813504,
            154
        ],
        [
            26.667749404907227,
            1584000,
            1554432,
            132
        ],
        [
            26.662121295928955,
            1596000,
            1566208,
            133
        ],
        [
            28.163328886032104,
            1740000,
            1707520,
            145
        ],
        [
            27.036309957504272,
            1632000,
            1601536,
            136
        ],
        [
            26.221054077148438,
            1560000,
            1530880,
            130
        ],
        [
            29.279351472854614,
            1800000,
            1766400,
            150
        ],
        [
            28.71399235725403,
            1728000,
            1695744,
            144
        ]
    ],
    "9": [
        [
            42.509156465530396,
            2508000,
            2461184,
            209
        ],
        [
            44.37580680847168,
            2688000,
            2637824,
            224
        ],
        [
            42.1266405582428,
            2544000,
            2496512,
            212
        ],
        [
            45.71811366081238,
            2736000,
            2684928,
            228
        ],
        [
            41.2657995223999,
            2424000,
            2378752,
            202
        ],
        [
            42.38971662521362,
            2544000,
            2496512,
            212
        ],
        [
            43.34935688972473,
            2604000,
            2555392,
            217
        ],
        [
            43.197322607040405,
            2556000,
            2508288,
            213
        ],
        [
            43.609190464019775,
            2616000,
            2567168,
            218
        ],
        [
            43.88225221633911,
            2628000,
            2578944,
            219
        ]
    ],
    "12": [
        [
            56.22831702232361,
            3204000,
            3144192,
            267
        ],
        [
            61.32759714126587,
            3576000,
            3509248,
            298
        ],
        [
            56.195547580718994,
            3312000,
            3250176,
            276
        ],
        [
            57.922224044799805,
            3348000,
            3285504,
            279
        ],
        [
            60.33575916290283,
            3504000,
            3438592,
            292
        ],
        [
            56.47164511680603,
            3264000,
            3203072,
            272
        ],
        [
            55.194849491119385,
            3180000,
            3120640,
            265
        ],
        [
            60.32108783721924,
            3540000,
            3473920,
            295
        ],
        [
            60.116605043411255,
            3540000,
            3473920,
            295
        ],
        [
            57.2736382484436,
            3336000,
            3273728,
            278
        ]
    ],
    "18": [
        [
            90.82148790359497,
            5004000,
            4910592,
            417
        ],
        [
            88.8223569393158,
            4860000,
            4769280,
            405
        ],
        [
            87.9784688949585,
            4896000,
            4804608,
            408
        ],
        [
            88.36956191062927,
            4932000,
            4839936,
            411
        ],
        [
            93.05987882614136,
            5208000,
            5110784,
            434
        ],
        [
            87.2615294456482,
            4824000,
            4733952,
            402
        ],
        [
            85.21753334999084,
            4740000,
            4651520,
            395
        ],
        [
            88.08755826950073,
            4896000,
            4804608,
            408
        ],
        [
            91.0001928806305,
            5088000,
            4993024,
            424
        ],
        [
            87.21250677108765,
            4812000,
            4722176,
            401
        ]
    ],
    "24": [
        [
            121.30867600440979,
            6432000,
            6311936,
            536
        ],
        [
            118.90448951721191,
            6276000,
            6158848,
            523
        ],
        [
            120.25175166130066,
            6396000,
            6276608,
            533
        ],
        [
            118.99749445915222,
            6384000,
            6264832,
            532
        ],
        [
            118.75795912742615,
            6324000,
            6205952,
            527
        ],
        [
            116.56162238121033,
            6216000,
            6099968,
            518
        ],
        [
            114.83076500892639,
            6060000,
            5946880,
            505
        ],
        [
            119.77994298934937,
            6384000,
            6264832,
            532
        ],
        [
            121.01863837242126,
            6420000,
            6300160,
            535
        ],
        [
            120.89954781532288,
            6444000,
            6323712,
            537
        ]
    ],
    "36": [
        [
            189.61849999427795,
            9372000,
            9197056,
            781
        ],
        [
            185.8256106376648,
            9180000,
            9008640,
            765
        ],
        [
            178.8004024028778,
            8796000,
            8631808,
            733
        ],
        [
            187.38919878005981,
            9312000,
            9138176,
            776
        ],
        [
            188.45682406425476,
            9324000,
            9149952,
            777
        ],
        [
            182.09421563148499,
            9024000,
            8855552,
            752
        ],
        [
            180.46884679794312,
            8844000,
            8678912,
            737
        ],
        [
            181.36973452568054,
            8964000,
            8796672,
            747
        ],
        [
            179.62917637825012,
            8928000,
            8761344,
            744
        ],
        [
            186.0709617137909,
            9228000,
            9055744,
            769
        ]
    ],
    "48": [
        [
            236.96760249137878,
            11040000,
            10833920,
            920
        ],
        [
            245.85934138298035,
            11424000,
            11210752,
            952
        ],
        [
            242.49780917167664,
            11256000,
            11045888,
            938
        ],
        [
            237.56524920463562,
            11088000,
            10881024,
            924
        ],
        [
            245.93375611305237,
            11460000,
            11246080,
            955
        ],
        [
            244.66711163520813,
            11364000,
            11151872,
            947
        ],
        [
            240.86940598487854,
            11532000,
            11316736,
            961
        ],
        [
            234.554105758667,
            11232000,
            11022336,
            936
        ],
        [
            236.27745079994202,
            11340000,
            11128320,
            945
        ],
        [
            238.12573838233948,
            11484000,
            11269632,
            957
        ]
    ],