{
    "6": [
        [
            29.248453855514526,
            1224000,
            1201152,
            102
        ],
        [
            31.97862696647644,
            1440000,
            1413120,
            120
        ],
        [
            31.476253986358643,
            1404000,
            1377792,
            117
        ],
        [
            29.237133264541626,
            1236000,
            1212928,
            103
        ],
        [
            31.00098419189453,
            1356000,
            1330688,
            113
        ],
        [
            30.539245128631592,
            1344000,
            1318912,
            112
        ],
        [
            30.17434287071228,
            1308000,
            1283584,
            109
        ],
        [
            28.52096462249756,
            1200000,
            1177600,
            100
        ],
        [
            27.696293354034424,
            1140000,
            1118720,
            95
        ],
        [
            28.56857419013977,
            1188000,
            1165824,
            99
        ]
    ],
    "9": [
        [
            45.53433895111084,
            1968000,
            1931264,
            164
        ],
        [
            45.67937254905701,
            1944000,
            1907712,
            162
        ],
        [
            45.97644114494324,
            1968000,
            1931264,
            164
        ],
        [
            44.82346868515015,
            1884000,
            1848832,
            157
        ],
        [
            46.61492586135864,
            2040000,
            2001920,
            170
        ],
        [
            47.49690508842468,
            2088000,
            2049024,
            174
        ],
        [
            46.83016109466553,
            2040000,
            2001920,
            170
        ],
        [
            44.67210650444031,
            1908000,
            1872384,
            159
        ],
        [
            44.93816876411438,
            1896000,
            1860608,
            158
        ],
        [
            48.122169494628906,
            2148000,
            2107904,
            179
        ]
    ],
    "12": [
        [
            59.517117738723755,
            2508000,
            2461184,
            209
        ],
        [
            59.44010090827942,
            2472000,
            2425856,
            206
        ],
        [
            63.77742338180542,
            2736000,
            2684928,
            228
        ],
        [
            60.58854532241821,
            2532000,
            2484736,
            211
        ],
        [
            64.91621685028076,
            2844000,
            2790912,
            237
        ],
        [
            57.962294816970825,
            2412000,
            2366976,
            201
        ],
        [
            62.78574585914612,
            2712000,
            2661376,
            226
        ],
        [
            61.290881872177124,
            2592000,
            2543616,
            216
        ],
        [
            59.69625401496887,
            2508000,
            2461184,
            209
        ],
        [
            62.26891851425171,
            2616000,
            2567168,
            218
        ]
    ],
    "18": [
        [
            93.26559567451477,
            3852000,
            3780096,
            321
        ],
        [
            95.80026054382324,
            3984000,
            3909632,
            332
        ],
        [
            89.47033333778381,
            3636000,
            3568128,
            303
        ],
        [
            93.73963594436646,
            3960000,
            3886080,
            330
        ],
        [
            89.5214490890503,
            3684000,
            3615232,
            307
        ],
        [
            92.39984250068665,
            3828000,
            3756544,
            319
        ],
        [
            89.87987732887268,
            3648000,
            3579904,
            304
        ],
        [
            91.73609972000122,
            3780000,
            3709440,
            315
        ],
        [
            92.56329011917114,
            3852000,
            3780096,
            321
        ],
        [
            86.1006543636322,
            3456000,
            3391488,
            288
        ]
    ],
    "24": [
        [
            124.19086575508118,
            5076000,
            4981248,
            423
        ],
        [
            123.50970911979675,
            4968000,
            4875264,
            414
        ],
        [
            121.37513303756714,
            4812000,
            4722176,
            401
        ],
        [
            120.45766091346741,
            4848000,
            4757504,
            404
        ],
        [
            122.92493081092834,
            4920000,
            4828160,
            410
        ],
        [
            124.19982838630676,
            4968000,
            4875264,
            414
        ],
        [
            125.41455221176147,
            5088000,
            4993024,
            424
        ],
        [
            121.55980634689331,
            4896000,
            4804608,
            408
        ],
        [
            124.26335740089417,
            5076000,
            4981248,
            423
        ],
        [
            116.9805998802185,
            4644000,
            4557312,
            387
        ]
    ],
    "36": [
        [
            184.35896563529968,
            7128000,
            6994944,
            594
        ],
        [
            179.97629404067993,
            6936000,
            6806528,
            578
        ],
        [
            180.70501232147217,
            7020000,
            6888960,
            585
        ],
        [
            181.45775365829468,
            7032000,
            6900736,
            586
        ],
        [
            175.64368629455566,
            6780000,
            6653440,
            565
        ],
        [
            178.66731691360474,
            6900000,
            6771200,
            575
        ],
        [
            175.7680366039276,
            6768000,
            6641664,
            564
        ],
        [
            183.4751250743866,
            7152000,
            7018496,
            596
        ],
        [
            180.34245824813843,
            6972000,
            6841856,
            581
        ],
        [
            176.90455222129822,
            6780000,
            6653440,
            565
        ]
    ],
    "48": [
        [
            230.8819875717163,
            8520000,
            8360960,
            710
        ],
        [
            235.30920100212097,
            8664000,
            8502272,
            722
        ],
        [
            227.628103017807,
            8424000,
            8266752,
            702
        ],
        [
            236.4090495109558,
            8868000,
            8702464,
            739
        ],
        [
            244.9672408103943,
            9276000,
            9102848,
            773
        ],
        [
            231.61072635650635,
            8664000,
            8502272,
            722
        ],
        [
            231.09490394592285,
            8904000,
            8737792,
            742
        ],
        [
            232.75496411323547,
            8940000,
            8773120,
            745
        ],
        [
            224.0251500606537,
            8544000,
            8384512,
            712
        ],
        [
            235.88191080093384,
            9108000,
            8937984,
            759
        ]
    ],