{
    "6": [
        [
            16.59407663345337,
            32292000,
            31689216,
            5382
        ]
    ],
    "9": [
        [
            24.179283380508423,
            47400000,
            46515200,
            7900
        ]
    ],
    "12": [
        [
            31.02882409095764,
            61992000,
            60834816,
            10332
        ]
    ],
    "18": [
        [
            42.91710615158081,
            89736000,
            88060928,
            14956
        ]
    ],
    "24": [
        [
            52.78396725654602,
            114828000,
            112684544,
            19138
        ]
    ],
    "36": [
        [
            71.3162031173706,
            162444000,
            159411712,
            27074
        ]
    ],
    "48": [
        [
            86.11352515220642,
            201816000,
            198048768,
            33636
        ]
    ],
    "54": [
        [
            95.07573699951172,
            222276000,
            218126848,
            37046
        ]
    ]
}