{
    "6": [
        [
            0.20209050178527832,
            5376000,
            5275648,
            896
        ],
        [
            0.1507108211517334,
            5388000,
            5287424,
            898
        ],
        [
            0.1677107810974121,
            5364000,
            5263872,
            894
        ],
        [
            0.15337395668029785,
            5376000,
            5275648,
            896
        ],
        [
            0.15188813209533691,
            5376000,
            5275648,
            896
        ],
        [
            0.15389561653137207,
            5364000,
            5263872,
            894
        ],
        [
            0.1522839069366455,
            5376000,
            5275648,
            896
        ],
        [
            0.14128494262695312,
            5376000,
            5275648,
            896
        ],
        [
            0.13828516006469727,
            5376000,
            5275648,
            896
        ],
        [
            0.14328598976135254,
            5376000,
            5275648,
            896
        ]
    ],
    "9": [
        [
            0.2193009853363037,
            7788000,
            7642624,
            1298
        ],
        [
            0.21929931640625,
            7800000,
            7654400,
            1300
        ],
        [
            0.21562886238098145,
            7812000,
            7666176,
            1302
        ],
        [
            0.20662999153137207,
            7800000,
            7654400,
            1300
        ],
        [
            0.24995756149291992,
            7788000,
            7642624,
            1298
        ],
        [
            0.24795937538146973,
            7800000,
            7654400,
            1300
        ],
        [
            0.20106720924377441,
            7812000,
            7666176,
            1302
        ],
        [
            0.23494195938110352,
            7788000,
            7642624,
            1298
        ],
        [
            0.20494318008422852,
            7788000,
            7642624,
            1298
        ],
        [
            0.25194239616394043,
            7788000,
            7642624,
            1298
        ]
    ],
    "12": [
        [
            0.2879796028137207,
            10032000,
            9844736,
            1672
        ],
        [
            0.41036558151245117,
            10056000,
            9868288,
            1676
        ],
        [
            0.25693583488464355,
            10056000,
            9868288,
            1676
        ],
        [
            0.3398277759552002,
            10032000,
            9844736,
            1672
        ],
        [
            0.29982948303222656,
            10044000,
            9856512,
            1674
        ],
        [
            0.29382920265197754,
            10032000,
            9844736,
            1672
        ],
        [
            0.2468268871307373,
            10044000,
            9856512,
            1674
        ],
        [
            0.2547934055328369,
            10020000,
            9832960,
            1670
        ],
        [
            0.2937924861907959,
            10068000,
            9880064,
            1678
        ],
        [
            0.26479244232177734,
            10044000,
            9856512,
            1674
        ]
    ],
    "18": [
        [
            0.4176771640777588,
            14148000,
            13883904,
            2358
        ],
        [
            0.4126765727996826,
            14184000,
            13919232,
            2364
        ],
        [
            0.3962070941925049,
            14160000,
            13895680,
            2360
        ],
        [
            0.37091922760009766,
            14160000,
            13895680,
            2360
        ],
        [
            0.4330301284790039,
            14184000,
            13919232,
            2364
        ],
        [
            0.38962388038635254,
            14184000,
            13919232,
            2364
        ],
        [
            0.40462422370910645,
            14220000,
            13954560,
            2370
        ],
        [
            0.3956265449523926,
            14136000,
            13872128,
            2356
        ],
        [
            0.38462281227111816,
            14172000,
            13907456,
            2362
        ],
        [
            0.37362241744995117,
            14160000,
            13895680,
            2360
        ]
    ],
    "24": [
        [
            0.5268054008483887,
            17628000,
            17298944,
            2938
        ],
        [
            0.5338056087493896,
            17700000,
            17369600,
            2950
        ],
        [
            0.46326565742492676,
            17664000,
            17334272,
            2944
        ],
        [
            0.5428991317749023,
            17700000,
            17369600,
            2950
        ],
        [
            0.5154073238372803,
            17724000,
            17393152,
            2954
        ],
        [
            0.49889230728149414,
            17688000,
            17357824,
            2948
        ],
        [
            0.5966176986694336,
            17748000,
            17416704,
            2958
        ],
        [
            0.5946187973022461,
            17664000,
            17334272,
            2944
        ],
        [
            0.5566942691802979,
            17688000,
            17357824,
            2948
        ],
        [
            0.688159704208374,
            17640000,
            17310720,
            2940
        ]
    ],
    "36": [
        [
            0.6721608638763428,
            23892000,
            23446016,
            3982
        ],
        [
            0.763159990310669,
            23904000,
            23457792,
            3984
        ],
        [
            0.6871592998504639,
            23880000,
            23434240,
            3980
        ],
        [
            0.7048406600952148,
            23892000,
            23446016,
            3982
        ],
        [
            0.6813271045684814,
            23976000,
            23528448,
            3996
        ],
        [
            0.6860067844390869,
            23928000,
            23481344,
            3988
        ],
        [
            0.7140257358551025,
            23844000,
            23398912,
            3974
        ],
        [
            0.7550280094146729,
            23940000,
            23493120,
            3990
        ],
        [
            0.7133910655975342,
            23928000,
            23481344,
            3988
        ],
        [
            0.6845357418060303,
            23880000,
            23434240,
            3980
        ]
    ],