{
    "6": [
        [
            35.54559922218323,
            2292000,
            2249216,
            191
        ],
        [
            33.603835105895996,
            2172000,
            2131456,
            181
        ],
        [
            35.484140157699585,
            2268000,
            2225664,
            189
        ],
        [
            34.11956739425659,
            2172000,
            2131456,
            181
        ],
        [
            37.2031307220459,
            2388000,
            2343424,
            199
        ],
        [
            33.92939352989197,
            2160000,
            2119680,
            180
        ],
        [
            34.84237813949585,
            2220000,
            2178560,
            185
        ],
        [
            35.41436171531677,
            2268000,
            2225664,
            189
        ],
        [
            36.23154592514038,
            2316000,
            2272768,
            193
        ],
        [
            33.53008055686951,
            2100000,
            2060800,
            175
        ]
    ],
    "9": [
        [
            57.90124464035034,
            3504000,
            3438592,
            292
        ],
        [
            54.365339040756226,
            3384000,
            3320832,
            282
        ],
        [
            55.5137038230896,
            3480000,
            3415040,
            290
        ],
        [
            51.04497480392456,
            3096000,
            3038208,
            258
        ],
        [
            54.30332612991333,
            3372000,
            3309056,
            281
        ],
        [
            54.597522258758545,
            3384000,
            3320832,
            282
        ],
        [
            57.23085904121399,
            3504000,
            3438592,
            292
        ],
        [
            52.796197175979614,
            3216000,
            3155968,
            268
        ],
        [
            56.12658739089966,
            3444000,
            3379712,
            287
        ],
        [
            55.24433612823486,
            3456000,
            3391488,
            288
        ]
    ],
    "12": [
        [
            72.34665608406067,
            4296000,
            4215808,
            358
        ],
        [
            76.706130027771,
            4524000,
            4439552,
            377
        ],
        [
            75.90920233726501,
            4488000,
            4404224,
            374
        ],
        [
            75.5472674369812,
            4452000,
            4368896,
            371
        ],
        [
            76.06142377853394,
            4512000,
            4427776,
            376
        ],
        [
            74.58874154090881,
            4440000,
            4357120,
            370
        ],
        [
            76.82949018478394,
            4524000,
            4439552,
            377
        ],
        [
            74.56597542762756,
            4368000,
            4286464,
            364
        ],
        [
            74.09286689758301,
            4368000,
            4286464,
            364
        ],
        [
            72.30502963066101,
            4308000,
            4227584,
            359
        ]
    ],
    "18": [
        [
            113.53193759918213,
            6300000,
            6182400,
            525
        ],
        [
            118.55335783958435,
            6648000,
            6523904,
            554
        ],
        [
            116.65208292007446,
            6480000,
            6359040,
            540
        ],
        [
            116.1555769443512,
            6516000,
            6394368,
            543
        ],
        [
            113.43371939659119,
            6372000,
            6253056,
            531
        ],
        [
            112.82658100128174,
            6312000,
            6194176,
            526
        ],
        [
            114.98719906806946,
            6384000,
            6264832,
            532
        ],
        [
            119.9081928730011,
            6624000,
            6500352,
            552
        ],
        [
            117.83197569847107,
            6588000,
            6465024,
            549
        ],
        [
            115.8269624710083,
            6384000,
            6264832,
            532
        ]
    ],
    "24": [
        [
            162.67461013793945,
            8436000,
            8278528,
            703
        ],
        [
            157.99843072891235,
            8340000,
            8184320,
            695
        ],
        [
            158.67654824256897,
            8352000,
            8196096,
            696
        ],
        [
            154.77876210212708,
            8172000,
            8019456,
            681
        ],
        [
            153.0557622909546,
            8160000,
            8007680,
            680
        ],
        [
            160.3446717262268,
            8484000,
            8325632,
            707
        ],
        [
            154.68897008895874,
            8292000,
            8137216,
            691
        ],
        [
            160.37284874916077,
            8568000,
            8408064,
            714
        ],
        [
            159.08383226394653,
            8376000,
            8219648,
            698
        ],
        [
            159.66796350479126,
            8448000,
            8290304,
            704
        ]
    ],
    "36": [
        [
            250.6938784122467,
            12060000,
            11834880,
            1005
        ],
        [
            238.353942155838,
            11568000,
            11352064,
            964
        ],
        [
            245.4543330669403,
            11856000,
            11634688,
            988
        ],
        [
            252.24208784103394,
            12060000,
            11834880,
            1005
        ],
        [
            250.40986227989197,
            12036000,
            11811328,
            1003
        ],
        [
            254.2232575416565,
            12192000,
            11964416,
            1016
        ],
        [
            246.9729917049408,
            11892000,
            11670016,
            991
        ],
        [
            247.1119260787964,
            11904000,
            11681792,
            992
        ],
        [
            255.00990867614746,
            12264000,
            12035072,
            1022
        ],
        [
            249.08945870399475,
            11808000,
            11587584,
            984
        ]
    ],
    "48": [
        [
            334.1191532611847,
            14904000,
            14625792,
            1242
        ],
        [
            328.5288190841675,
            14688000,
            14413824,
            1224
        ],
        [
            326.1674792766571,
            14724000,
            14449152,
            1227
        ],
        [
            334.1536111831665,
            14904000,
            14625792,
            1242
        ],
        [
            336.90214920043945,
            15012000,
            14731776,
            1251
        ],
        [
            341.17182087898254,
            15096000,
            14814208,
            1258
        ],
        [
            327.8520088195801,
            14784000,
            14508032,
            1232
        ],
        [
            327.8779978752136,
            14892000,
            14614016,
            1241
        ],
        [
            331.99845600128174,
            15072000,
            14790656,
            1256
        ],
        [
            320.5059950351715,
            14688000,
            14413824,
            1224
        ]
    ],