{
    "6": [
        [
            40.99683690071106,
            1536000,
            1507328,
            128
        ],
        [
            44.60952615737915,
            1752000,
            1719296,
            146
        ],
        [
            43.172213315963745,
            1656000,
            1625088,
            138
        ],
        [
            40.886173248291016,
            1536000,
            1507328,
            128
        ],
        [
            42.995152711868286,
            1632000,
            1601536,
            136
        ],
        [
            42.58066368103027,
            1632000,
            1601536,
            136
        ],
        [
            42.435630559921265,
            1608000,
            1577984,
            134
        ],
        [
            41.317375898361206,
            1524000,
            1495552,
            127
        ],
        [
            45.6203727722168,
            1800000,
            1766400,
            150
        ],
        [
            43.637741565704346,
            1656000,
            1625088,
            138
        ]
    ],
    "9": [
        [
            64.81917691230774,
            2436000,
            2390528,
            203
        ],
        [
            68.0858507156372,
            2580000,
            2531840,
            215
        ],
        [
            69.59274649620056,
            2652000,
            2602496,
            221
        ],
        [
            68.0258378982544,
            2604000,
            2555392,
            217
        ],
        [
            66.43720746040344,
            2532000,
            2484736,
            211
        ],
        [
            70.37156462669373,
            2700000,
            2649600,
            225
        ],
        [
            66.40308213233948,
            2496000,
            2449408,
            208
        ],
        [
            64.65051317214966,
            2436000,
            2390528,
            203
        ],
        [
            66.3916187286377,
            2520000,
            2472960,
            210
        ],
        [
            66.17826795578003,
            2508000,
            2461184,
            209
        ]
    ],
    "12": [
        [
            87.3376476764679,
            3216000,
            3155968,
            268
        ],
        [
            89.06957721710205,
            3324000,
            3261952,
            277
        ],
        [
            88.7144980430603,
            3336000,
            3273728,
            278
        ],
        [
            92.43744111061096,
            3504000,
            3438592,
            292
        ],
        [
            92.71247816085815,
            3504000,
            3438592,
            292
        ],
        [
            89.86999726295471,
            3336000,
            3273728,
            278
        ],
        [
            92.59971451759338,
            3564000,
            3497472,
            297
        ],
        [
            92.98003554344177,
            3516000,
            3450368,
            293
        ],
        [
            87.57864475250244,
            3240000,
            3179520,
            270
        ],
        [
            89.1840090751648,
            3336000,
            3273728,
            278
        ]
    ],
    "18": [
        [
            135.02772784233093,
            4860000,
            4769280,
            405
        ],
        [
            141.7807149887085,
            5160000,
            5063680,
            430
        ],
        [
            138.8298168182373,
            5076000,
            4981248,
            423
        ],
        [
            141.08835220336914,
            5196000,
            5099008,
            433
        ],
        [
            136.46915769577026,
            5016000,
            4922368,
            418
        ],
        [
            139.70009422302246,
            5136000,
            5040128,
            428
        ],
        [
            137.11971592903137,
            5064000,
            4969472,
            422
        ],
        [
            138.58783507347107,
            5052000,
            4957696,
            421
        ],
        [
            140.5464382171631,
            5124000,
            5028352,
            427
        ],
        [
            134.57943105697632,
            4860000,
            4769280,
            405
        ]
    ],
    "24": [
        [
            184.11474466323853,
            6516000,
            6394368,
            543
        ],
        [
            189.48875498771667,
            6756000,
            6629888,
            563
        ],
        [
            183.74178791046143,
            6456000,
            6335488,
            538
        ],
        [
            181.0631823539734,
            6432000,
            6311936,
            536
        ],
        [
            191.41297960281372,
            6792000,
            6665216,
            566
        ],
        [
            184.30353999137878,
            6552000,
            6429696,
            546
        ],
        [
            191.1713924407959,
            6852000,
            6724096,
            571
        ],
        [
            181.7208116054535,
            6396000,
            6276608,
            533
        ],
        [
            188.62935423851013,
            6780000,
            6653440,
            565
        ],
        [
            182.3864243030548,
            6468000,
            6347264,
            539
        ]
    ],
    "36": [
        [
            278.2128474712372,
            9408000,
            9232384,
            784
        ],
        [
            275.51610565185547,
            9360000,
            9185280,
            780
        ],
        [
            277.1412501335144,
            9444000,
            9267712,
            787
        ],
        [
            277.2497498989105,
            9396000,
            9220608,
            783
        ],
        [
            283.29387497901917,
            9528000,
            9350144,
            794
        ],
        [
            283.0818419456482,
            9624000,
            9444352,
            802
        ],
        [
            272.4889738559723,
            9168000,
            8996864,
            764
        ],
        [
            278.3231062889099,
            9444000,
            9267712,
            787
        ],
        [
            270.29744577407837,
            9156000,
            8985088,
            763
        ],
        [
            280.4986300468445,
            9600000,
            9420800,
            800
        ]
    ],
    "48": [
        [
            359.0456500053406,
            11652000,
            11434496,
            971
        ],
        [
            366.394198179245,
            11940000,
            11717120,
            995
        ],
        [
            364.9880974292755,
            11760000,
            11540480,
            980
        ],
        [
            361.96737933158875,
            11784000,
            11564032,
            982
        ],
        [
            357.03582882881165,
            11700000,
            11481600,
            975
        ],
        [
            355.7420184612274,
            11628000,
            11410944,
            969
        ],
        [
            366.8538248538971,
            12072000,
            11846656,
            1006
        ],
        [
            357.1165120601654,
            11748000,
            11528704,
            979
        ],
        [
            347.9443144798279,
            11508000,
            11293184,
            959
        ],
        [
            363.6023483276367,
            11892000,
            11670016,
            991
        ]
    ],