{
    "6": [
        [
            0.22566556930541992,
            4800000,
            4710400,
            800
        ],
        [
            0.19183635711669922,
            4836000,
            4745728,
            806
        ],
        [
            0.2595796585083008,
            4680000,
            4592640,
            780
        ],
        [
            0.24558067321777344,
            4800000,
            4710400,
            800
        ],
        [
            0.2075800895690918,
            4776000,
            4686848,
            796
        ],
        [
            0.193023681640625,
            4740000,
            4651520,
            790
        ],
        [
            0.2068805694580078,
            4692000,
            4604416,
            782
        ],
        [
            0.21945667266845703,
            4800000,
            4710400,
            800
        ],
        [
            0.1994619369506836,
            4884000,
            4792832,
            814
        ],
        [
            0.19246339797973633,
            4668000,
            4580864,
            778
        ]
    ],
    "9": [
        [
            0.3413569927215576,
            6972000,
            6841856,
            1162
        ],
        [
            0.2883594036102295,
            6936000,
            6806528,
            1156
        ],
        [
            0.3133583068847656,
            6888000,
            6759424,
            1148
        ],
        [
            0.32535815238952637,
            6888000,
            6759424,
            1148
        ],
        [
            0.3193674087524414,
            7032000,
            6900736,
            1172
        ],
        [
            0.28056859970092773,
            7056000,
            6924288,
            1176
        ],
        [
            0.3263435363769531,
            7020000,
            6888960,
            1170
        ],
        [
            0.3044474124908447,
            6804000,
            6676992,
            1134
        ],
        [
            0.30544519424438477,
            6924000,
            6794752,
            1154
        ],
        [
            0.32357311248779297,
            7020000,
            6888960,
            1170
        ]
    ],
    "12": [
        [
            0.42001938819885254,
            9084000,
            8914432,
            1514
        ],
        [
            0.39002084732055664,
            9108000,
            8937984,
            1518
        ],
        [
            0.4209761619567871,
            9120000,
            8949760,
            1520
        ],
        [
            0.390474796295166,
            9084000,
            8914432,
            1514
        ],
        [
            0.4128570556640625,
            8976000,
            8808448,
            1496
        ],
        [
            0.3893313407897949,
            9024000,
            8855552,
            1504
        ],
        [
            0.4075167179107666,
            9060000,
            8890880,
            1510
        ],
        [
            0.40651631355285645,
            8904000,
            8737792,
            1484
        ],
        [
            0.43109798431396484,
            9024000,
            8855552,
            1504
        ],
        [
            0.3863530158996582,
            9084000,
            8914432,
            1514
        ]
    ],
    "18": [
        [
            0.5401310920715332,
            13008000,
            12765184,
            2168
        ],
        [
            0.6261305809020996,
            13032000,
            12788736,
            2172
        ],
        [
            0.5634827613830566,
            13008000,
            12765184,
            2168
        ],
        [
            0.5435621738433838,
            13032000,
            12788736,
            2172
        ],
        [
            0.5839769840240479,
            12984000,
            12741632,
            2164
        ],
        [
            0.6229772567749023,
            12936000,
            12694528,
            2156
        ],
        [
            0.5537927150726318,
            12900000,
            12659200,
            2150
        ],
        [
            0.5737946033477783,
            13080000,
            12835840,
            2180
        ],
        [
            0.5739398002624512,
            12864000,
            12623872,
            2144
        ],
        [
            0.596005916595459,
            13260000,
            13012480,
            2210
        ]
    ],
    "24": [
        [
            0.7949259281158447,
            16464000,
            16156672,
            2744
        ],
        [
            0.7579214572906494,
            16368000,
            16062464,
            2728
        ],
        [
            0.8759558200836182,
            16524000,
            16215552,
            2754
        ],
        [
            0.7373106479644775,
            16476000,
            16168448,
            2746
        ],
        [
            0.7857792377471924,
            16344000,
            16038912,
            2724
        ],
        [
            0.7940621376037598,
            16524000,
            16215552,
            2754
        ],
        [
            0.8253631591796875,
            16392000,
            16086016,
            2732
        ],
        [
            0.6774284839630127,
            16500000,
            16192000,
            2750
        ],
        [
            0.6874282360076904,
            16368000,
            16062464,
            2728
        ],
        [
            0.6944291591644287,
            16500000,
            16192000,
            2750
        ]
    ],
    "36": [
        [
            1.0130627155303955,
            22740000,
            22315520,
            3790
        ],
        [
            1.0023000240325928,
            22812000,
            22386176,
            3802
        ],
        [
            1.2507867813110352,
            22752000,
            22327296,
            3792
        ],
        [
            0.9386215209960938,
            22800000,
            22374400,
            3800
        ],
        [
            1.004016399383545,
            22776000,
            22350848,
            3796
        ],
        [
            1.0888867378234863,
            22776000,
            22350848,
            3796
        ],
        [
            1.0623042583465576,
            22764000,
            22339072,
            3794
        ],
        [
            1.1011996269226074,
            23040000,
            22609920,
            3840
        ],
        [
            1.0741989612579346,
            22812000,
            22386176,
            3802
        ],
        [
            1.0834834575653076,
            22944000,
            22515712,
            3824
        ]
    ],