{
    "6": [
        [
            6.862840890884399,
            37080000,
            36387840,
            6180
        ]
    ],
    "9": [
        [
            9.687605619430542,
            54732000,
            53710336,
            9122
        ]
    ],
    "12": [
        [
            12.254980087280273,
            71292000,
            69961216,
            11882
        ]
    ],
    "18": [
        [
            16.967841625213623,
            102984000,
            101061632,
            17164
        ]
    ],
    "24": [
        [
            21.1715886592865,
            131400000,
            128947200,
            21900
        ]
    ],
    "36": [
        [
            27.017685651779175,
            186168000,
            182692864,
            31028
        ]
    ],
    "48": [
        [
            31.966728448867798,
            229644000,
            225357312,
            38274
        ]
    ],
    "54": [
        [
            34.508564710617065,
            253908000,
            249168384,
            42318
        ]
    ]
}