{
    "6": [
        [
            2.8862593173980713,
            2412000,
            2366976,
            402
        ],
        [
            2.91217041015625,
            2628000,
            2578944,
            438
        ],
        [
            2.845315933227539,
            2496000,
            2449408,
            416
        ],
        [
            2.8193161487579346,
            2544000,
            2496512,
            424
        ],
        [
            2.7575457096099854,
            2592000,
            2543616,
            432
        ],
        [
            2.8491768836975098,
            2448000,
            2402304,
            408
        ],
        [
            2.6375842094421387,
            2460000,
            2414080,
            410
        ],
        [
            2.7701828479766846,
            2628000,
            2578944,
            438
        ],
        [
            2.935758113861084,
            2640000,
            2590720,
            440
        ],
        [
            2.9465808868408203,
            2520000,
            2472960,
            420
        ]
    ],
    "9": [
        [
            4.17526388168335,
            3948000,
            3874304,
            658
        ],
        [
            4.242240905761719,
            3876000,
            3803648,
            646
        ],
        [
            4.445322513580322,
            4116000,
            4039168,
            686
        ],
        [
            4.573505878448486,
            3960000,
            3886080,
            660
        ],
        [
            4.675456762313843,
            4092000,
            4015616,
            682
        ],
        [
            4.496674537658691,
            3972000,
            3897856,
            662
        ],
        [
            4.444046497344971,
            4044000,
            3968512,
            674
        ],
        [
            4.46704626083374,
            4020000,
            3944960,
            670
        ],
        [
            4.179457664489746,
            4128000,
            4050944,
            688
        ],
        [
            4.38526463508606,
            4044000,
            3968512,
            674
        ]
    ],
    "12": [
        [
            5.820201873779297,
            5400000,
            5299200,
            900
        ],
        [
            5.500420570373535,
            5508000,
            5405184,
            918
        ],
        [
            5.892545223236084,
            5592000,
            5487616,
            932
        ],
        [
            6.090957164764404,
            5364000,
            5263872,
            894
        ],
        [
            5.8173863887786865,
            5292000,
            5193216,
            882
        ],
        [
            5.709115505218506,
            5268000,
            5169664,
            878
        ],
        [
            5.82381010055542,
            5496000,
            5393408,
            916
        ],
        [
            5.571580410003662,
            5532000,
            5428736,
            922
        ],
        [
            5.637250661849976,
            5508000,
            5405184,
            918
        ],
        [
            5.730475664138794,
            5328000,
            5228544,
            888
        ]
    ],
    "18": [
        [
            8.439864158630371,
            8280000,
            8125440,
            1380
        ],
        [
            8.446710586547852,
            8196000,
            8043008,
            1366
        ],
        [
            8.133623123168945,
            8244000,
            8090112,
            1374
        ],
        [
            8.48041558265686,
            8028000,
            7878144,
            1338
        ],
        [
            8.565605878829956,
            8184000,
            8031232,
            1364
        ],
        [
            8.35206651687622,
            8088000,
            7937024,
            1348
        ],
        [
            8.69382619857788,
            8244000,
            8090112,
            1374
        ],
        [
            8.558999300003052,
            8316000,
            8160768,
            1386
        ],
        [
            8.320772171020508,
            8004000,
            7854592,
            1334
        ],
        [
            8.841645002365112,
            8064000,
            7913472,
            1344
        ]
    ],
    "24": [
        [
            10.911635160446167,
            10716000,
            10515968,
            1786
        ],
        [
            10.656516790390015,
            10764000,
            10563072,
            1794
        ],
        [
            10.962786436080933,
            10680000,
            10480640,
            1780
        ],
        [
            10.665437936782837,
            10716000,
            10515968,
            1786
        ],
        [
            11.170359373092651,
            10596000,
            10398208,
            1766
        ],
        [
            10.68013882637024,
            10764000,
            10563072,
            1794
        ],
        [
            10.438055038452148,
            10668000,
            10468864,
            1778
        ],
        [
            10.876019954681396,
            10740000,
            10539520,
            1790
        ],
        [
            11.003842115402222,
            10716000,
            10515968,
            1786
        ],
        [
            10.802580118179321,
            10716000,
            10515968,
            1786
        ]
    ],
    "36": [
        [
            15.711593389511108,
            15288000,
            15002624,
            2548
        ],
        [
            15.83021593093872,
            15120000,
            14837760,
            2520
        ],
        [
            15.369261026382446,
            15024000,
            14743552,
            2504
        ],
        [
            15.342891216278076,
            15120000,
            14837760,
            2520
        ],
        [
            15.480090379714966,
            15096000,
            14814208,
            2516
        ],
        [
            15.76975393295288,
            14736000,
            14460928,
            2456
        ],
        [
            15.635597467422485,
            15012000,
            14731776,
            2502
        ],
        [
            15.480521202087402,
            15288000,
            15002624,
            2548
        ],
        [
            15.51348352432251,
            15276000,
            14990848,
            2546
        ],
        [
            15.642566919326782,
            15036000,
            14755328,
            2506
        ]
    ],
    "48": [
        [
            19.535865545272827,
            19296000,
            18935808,
            3216
        ],
        [
            20.439360857009888,
            19224000,
            18865152,
            3204
        ],
        [
            20.06013250350952,
            19332000,
            18971136,
            3222
        ],
        [
            19.91759419441223,
            19032000,
            18676736,
            3172
        ],
        [
            19.768841981887817,
            19284000,
            18924032,
            3214
        ],
        [
            20.094188690185547,
            19344000,
            18982912,
            3224
        ],
        [
            19.322097063064575,
            19152000,
            18794496,
            3192
        ],
        [
            19.550613403320312,
            19092000,
            18735616,
            3182
        ],
        [
            18.891980409622192,
            19212000,
            18853376,
            3202
        ],
        [
            19.18049716949463,
            18780000,
            18429440,
            3130
        ]
    ],