{
    "6": [
        [
            54.19625782966614,
            1368000,
            1342464,
            114
        ],
        [
            53.54020285606384,
            1368000,
            1342464,
            114
        ],
        [
            57.05764055252075,
            1464000,
            1436672,
            122
        ],
        [
            50.49388861656189,
            1200000,
            1177600,
            100
        ],
        [
            52.40338921546936,
            1296000,
            1271808,
            108
        ],
        [
            51.44530177116394,
            1188000,
            1165824,
            99
        ],
        [
            54.028541803359985,
            1332000,
            1307136,
            111
        ],
        [
            52.70741820335388,
            1272000,
            1248256,
            106
        ],
        [
            50.23218655586243,
            1200000,
            1177600,
            100
        ],
        [
            50.93825340270996,
            1224000,
            1201152,
            102
        ]
    ],
    "9": [
        [
            86.99296045303345,
            2244000,
            2202112,
            187
        ],
        [
            83.57956862449646,
            2124000,
            2084352,
            177
        ],
        [
            82.09827828407288,
            2064000,
            2025472,
            172
        ],
        [
            76.7995867729187,
            1848000,
            1813504,
            154
        ],
        [
            82.77993750572205,
            2112000,
            2072576,
            176
        ],
        [
            79.1769540309906,
            1968000,
            1931264,
            164
        ],
        [
            80.85220313072205,
            2016000,
            1978368,
            168
        ],
        [
            80.27731084823608,
            2016000,
            1978368,
            168
        ],
        [
            78.69300198554993,
            1956000,
            1919488,
            163
        ],
        [
            82.34176921844482,
            2004000,
            1966592,
            167
        ]
    ],
    "12": [
        [
            104.8568902015686,
            2628000,
            2578944,
            219
        ],
        [
            106.65971899032593,
            2688000,
            2637824,
            224
        ],
        [
            106.13967084884644,
            2628000,
            2578944,
            219
        ],
        [
            108.45750045776367,
            2748000,
            2696704,
            229
        ],
        [
            104.21449160575867,
            2568000,
            2520064,
            214
        ],
        [
            108.85255241394043,
            2712000,
            2661376,
            226
        ],
        [
            110.04391503334045,
            2760000,
            2708480,
            230
        ],
        [
            112.54444575309753,
            2820000,
            2767360,
            235
        ],
        [
            107.48347926139832,
            2688000,
            2637824,
            224
        ],
        [
            109.33049774169922,
            2760000,
            2708480,
            230
        ]
    ],
    "18": [
        [
            164.843998670578,
            4116000,
            4039168,
            343
        ],
        [
            162.9507293701172,
            4044000,
            3968512,
            337
        ],
        [
            161.60737371444702,
            3984000,
            3909632,
            332
        ],
        [
            161.17233324050903,
            4020000,
            3944960,
            335
        ],
        [
            159.64503026008606,
            3924000,
            3850752,
            327
        ],
        [
            165.12135672569275,
            3948000,
            3874304,
            329
        ],
        [
            161.46088695526123,
            3984000,
            3909632,
            332
        ],
        [
            162.71877479553223,
            4008000,
            3933184,
            334
        ],
        [
            161.28861165046692,
            3972000,
            3897856,
            331
        ],
        [
            166.0387020111084,
            4140000,
            4062720,
            345
        ]
    ],
    "24": [
        [
            215.4772219657898,
            5292000,
            5193216,
            441
        ],
        [
            212.4376974105835,
            5160000,
            5063680,
            430
        ],
        [
            217.41052198410034,
            5364000,
            5263872,
            447
        ],
        [
            213.97420167922974,
            5304000,
            5204992,
            442
        ],
        [
            210.97292113304138,
            5100000,
            5004800,
            425
        ],
        [
            208.24460816383362,
            5088000,
            4993024,
            424
        ],
        [
            209.13778972625732,
            5088000,
            4993024,
            424
        ],
        [
            215.60384678840637,
            5328000,
            5228544,
            444
        ],
        [
            216.62678480148315,
            5388000,
            5287424,
            449
        ],
        [
            214.04923725128174,
            5220000,
            5122560,
            435
        ]
    ],
    "36": [
        [
            321.17114901542664,
            7728000,
            7583744,
            644
        ],
        [
            324.1001229286194,
            7512000,
            7371776,
            626
        ],
        [
            318.6794910430908,
            7644000,
            7501312,
            637
        ],
        [
            312.69256949424744,
            7428000,
            7289344,
            619
        ],
        [
            321.2927145957947,
            7704000,
            7560192,
            642
        ],
        [
            318.8248634338379,
            7728000,
            7583744,
            644
        ],
        [
            318.45702385902405,
            7692000,
            7548416,
            641
        ],
        [
            324.3448712825775,
            7752000,
            7607296,
            646
        ],
        [
            312.32846117019653,
            7512000,
            7371776,
            626
        ],
        [
            314.0866756439209,
            7440000,
            7301120,
            620
        ]
    ],
    "48": [
        [
            388.4826822280884,
            9012000,
            8843776,
            751
        ],
        [
            417.70606660842896,
            9840000,
            9656320,
            820
        ],
        [
            397.50688457489014,
            9276000,
            9102848,
            773
        ],
        [
            402.40228939056396,
            9444000,
            9267712,
            787
        ],
        [
            413.4584586620331,
            9624000,
            9444352,
            802
        ],
        [
            406.0018072128296,
            9576000,
            9397248,
            798
        ],
        [
            397.1453547477722,
            9336000,
            9161728,
            778
        ],
        [
            405.3161587715149,
            9216000,
            9043968,
            768
        ],
        [
            388.0413534641266,
            9108000,
            8937984,
            759
        ],
        [
            387.1236741542816,
            9108000,
            8937984,
            759
        ]
    ],