{
    "6": [
        [
            47.29829406738281,
            1464000,
            1436672,
            122
        ],
        [
            49.461066007614136,
            1560000,
            1530880,
            130
        ],
        [
            50.380025148391724,
            1560000,
            1530880,
            130
        ],
        [
            46.84970021247864,
            1440000,
            1413120,
            120
        ],
        [
            46.89311766624451,
            1440000,
            1413120,
            120
        ],
        [
            47.205188274383545,
            1452000,
            1424896,
            121
        ],
        [
            47.11416959762573,
            1440000,
            1413120,
            120
        ],
        [
            44.52023243904114,
            1308000,
            1283584,
            109
        ],
        [
            46.082934856414795,
            1380000,
            1354240,
            115
        ],
        [
            50.37950015068054,
            1572000,
            1542656,
            131
        ]
    ],
    "9": [
        [
            71.99330830574036,
            2196000,
            2155008,
            183
        ],
        [
            78.89982056617737,
            2508000,
            2461184,
            209
        ],
        [
            74.86218023300171,
            2340000,
            2296320,
            195
        ],
        [
            74.29905366897583,
            2340000,
            2296320,
            195
        ],
        [
            70.80057787895203,
            2184000,
            2143232,
            182
        ],
        [
            72.05110335350037,
            2208000,
            2166784,
            184
        ],
        [
            74.33519697189331,
            2292000,
            2249216,
            191
        ],
        [
            74.01695990562439,
            2292000,
            2249216,
            191
        ],
        [
            73.51508903503418,
            2292000,
            2249216,
            191
        ],
        [
            75.50968289375305,
            2328000,
            2284544,
            194
        ]
    ],
    "12": [
        [
            96.8610417842865,
            2940000,
            2885120,
            245
        ],
        [
            100.81536960601807,
            3168000,
            3108864,
            264
        ],
        [
            98.17529153823853,
            3036000,
            2979328,
            253
        ],
        [
            97.74038481712341,
            3036000,
            2979328,
            253
        ],
        [
            98.00344276428223,
            2964000,
            2908672,
            247
        ],
        [
            98.32287287712097,
            2988000,
            2932224,
            249
        ],
        [
            96.42522382736206,
            2964000,
            2908672,
            247
        ],
        [
            101.62415385246277,
            3132000,
            3073536,
            261
        ],
        [
            98.14515948295593,
            2976000,
            2920448,
            248
        ],
        [
            98.6045572757721,
            3024000,
            2967552,
            252
        ]
    ],
    "18": [
        [
            152.74090671539307,
            4656000,
            4569088,
            388
        ],
        [
            147.65924978256226,
            4452000,
            4368896,
            371
        ],
        [
            150.90506386756897,
            4512000,
            4427776,
            376
        ],
        [
            148.0358588695526,
            4440000,
            4357120,
            370
        ],
        [
            152.9492747783661,
            4656000,
            4569088,
            388
        ],
        [
            150.8804657459259,
            4548000,
            4463104,
            379
        ],
        [
            144.80187058448792,
            4344000,
            4262912,
            362
        ],
        [
            148.4382565021515,
            4488000,
            4404224,
            374
        ],
        [
            151.15957522392273,
            4620000,
            4533760,
            385
        ],
        [
            152.08801913261414,
            4560000,
            4474880,
            380
        ]
    ],
    "24": [
        [
            198.97083139419556,
            5916000,
            5805568,
            493
        ],
        [
            195.23932313919067,
            5724000,
            5617152,
            477
        ],
        [
            195.0874981880188,
            5808000,
            5699584,
            484
        ],
        [
            204.51788926124573,
            6072000,
            5958656,
            506
        ],
        [
            197.34485244750977,
            5808000,
            5699584,
            484
        ],
        [
            194.81993079185486,
            5700000,
            5593600,
            475
        ],
        [
            201.51924848556519,
            5964000,
            5852672,
            497
        ],
        [
            205.6531422138214,
            6180000,
            6064640,
            515
        ],
        [
            200.45619010925293,
            5988000,
            5876224,
            499
        ],
        [
            197.63793468475342,
            5784000,
            5676032,
            482
        ]
    ],
    "36": [
        [
            309.62440848350525,
            8844000,
            8678912,
            737
        ],
        [
            297.21874380111694,
            8460000,
            8302080,
            705
        ],
        [
            296.13640832901,
            8484000,
            8325632,
            707
        ],
        [
            297.33502888679504,
            8436000,
            8278528,
            703
        ],
        [
            291.72831201553345,
            8412000,
            8254976,
            701
        ],
        [
            298.75854778289795,
            8424000,
            8266752,
            702
        ],
        [
            289.8182706832886,
            8184000,
            8031232,
            682
        ],
        [
            290.468133687973,
            8256000,
            8101888,
            688
        ],
        [
            289.4573392868042,
            8232000,
            8078336,
            686
        ],
        [
            300.79374074935913,
            8604000,
            8443392,
            717
        ]
    ],
    "48": [
        [
            383.14312505722046,
            10536000,
            10339328,
            878
        ],
        [
            386.4919741153717,
            10656000,
            10457088,
            888
        ],
        [
            379.48165583610535,
            10476000,
            10280448,
            873
        ],
        [
            378.27892899513245,
            10416000,
            10221568,
            868
        ],
        [
            388.68557500839233,
            10668000,
            10468864,
            889
        ],
        [
            383.52843713760376,
            10668000,
            10468864,
            889
        ],
        [
            378.74485445022583,
            10584000,
            10386432,
            882
        ],
        [
            377.5474853515625,
            10560000,
            10362880,
            880
        ],
        [
            374.41095662117004,
            10488000,
            10292224,
            874
        ],
        [
            377.80473041534424,
            10584000,
            10386432,
            882
        ]
    ],