{
    "6": [
        [
            26.470695734024048,
            29748000,
            29192704,
            4958
        ]
    ],
    "9": [
        [
            39.072227239608765,
            43656000,
            42841088,
            7276
        ]
    ],
    "12": [
        [
            50.32051873207092,
            56832000,
            55771136,
            9472
        ]
    ],
    "18": [
        [
            72.05371236801147,
            84000000,
            82432000,
            14000
        ]
    ],
    "24": [
        [
            90.77197527885437,
            106464000,
            104476672,
            17744
        ]
    ],
    "36": [
        [
            122.56399178504944,
            151128000,
            148306944,
            25188
        ]
    ],
    "48": [
        [
            153.81144857406616,
            188160000,
            184647680,
            31360
        ]
    ],
    "54": [
        [
            167.49042677879333,
            208920000,
            205020160,
            34820
        ]
    ]
}