{
    "6": [
        [
            49.85787487030029,
            300000,
            294400,
            25
        ],
        [
            51.5301878452301,
            384000,
            376832,
            32
        ],
        [
            51.89758372306824,
            408000,
            400384,
            34
        ],
        [
            47.28525233268738,
            240000,
            235520,
            20
        ],
        [
            51.50379776954651,
            360000,
            353280,
            30
        ],
        [
            49.429972648620605,
            288000,
            282624,
            24
        ],
        [
            48.154680252075195,
            228000,
            223744,
            19
        ],
        [
            46.12989544868469,
            156000,
            153088,
            13
        ],
        [
            48.828834772109985,
            288000,
            282624,
            24
        ],
        [
            48.21969509124756,
            252000,
            247296,
            21
        ]
    ],
    "9": [
        [
            71.33012580871582,
            360000,
            353280,
            30
        ],
        [
            73.73660373687744,
            456000,
            447488,
            38
        ],
        [
            73.73760461807251,
            456000,
            447488,
            38
        ],
        [
            70.88902473449707,
            324000,
            317952,
            27
        ],
        [
            73.03319692611694,
            396000,
            388608,
            33
        ],
        [
            73.7286024093628,
            432000,
            423936,
            36
        ],
        [
            76.58330225944519,
            492000,
            482816,
            41
        ],
        [
            72.5382227897644,
            396000,
            388608,
            33
        ],
        [
            68.95468497276306,
            300000,
            294400,
            25
        ],
        [
            76.57611536979675,
            540000,
            529920,
            45
        ]
    ],
    "12": [
        [
            97.59614491462708,
            528000,
            518144,
            44
        ],
        [
            98.33654236793518,
            624000,
            612352,
            52
        ],
        [
            95.94471955299377,
            528000,
            518144,
            44
        ],
        [
            93.5911808013916,
            444000,
            435712,
            37
        ],
        [
            100.50440859794617,
            660000,
            647680,
            55
        ],
        [
            96.27175235748291,
            528000,
            518144,
            44
        ],
        [
            97.3690664768219,
            588000,
            577024,
            49
        ],
        [
            101.39500999450684,
            672000,
            659456,
            56
        ],
        [
            95.40293383598328,
            540000,
            529920,
            45
        ],
        [
            100.32266354560852,
            696000,
            683008,
            58
        ]
    ],
    "18": [
        [
            140.0684938430786,
            708000,
            694784,
            59
        ],
        [
            145.4058063030243,
            888000,
            871424,
            74
        ],
        [
            142.80402064323425,
            732000,
            718336,
            61
        ],
        [
            147.07073760032654,
            876000,
            859648,
            73
        ],
        [
            142.8707640171051,
            708000,
            694784,
            59
        ],
        [
            145.94583225250244,
            792000,
            777216,
            66
        ],
        [
            145.12043642997742,
            768000,
            753664,
            64
        ],
        [
            145.6440417766571,
            852000,
            836096,
            71
        ],
        [
            140.23327088356018,
            684000,
            671232,
            57
        ],
        [
            142.26950931549072,
            756000,
            741888,
            63
        ]
    ],
    "24": [
        [
            182.96188116073608,
            912000,
            894976,
            76
        ],
        [
            192.6900143623352,
            1092000,
            1071616,
            91
        ],
        [
            185.00420904159546,
            948000,
            930304,
            79
        ],
        [
            188.3665521144867,
            1080000,
            1059840,
            90
        ],
        [
            188.59448981285095,
            996000,
            977408,
            83
        ],
        [
            192.7078995704651,
            1164000,
            1142272,
            97
        ],
        [
            184.55775094032288,
            912000,
            894976,
            76
        ],
        [
            187.95722579956055,
            1008000,
            989184,
            84
        ],
        [
            187.99947214126587,
            1020000,
            1000960,
            85
        ],
        [
            186.1817979812622,
            900000,
            883200,
            75
        ]
    ],
    "36": [
        [
            267.1136300563812,
            1368000,
            1342464,
            114
        ],
        [
            271.3003795146942,
            1476000,
            1448448,
            123
        ],
        [
            273.45062375068665,
            1512000,
            1483776,
            126
        ],
        [
            272.79119205474854,
            1560000,
            1530880,
            130
        ],
        [
            276.3640375137329,
            1692000,
            1660416,
            141
        ],
        [
            269.5482454299927,
            1440000,
            1413120,
            120
        ],
        [
            274.729798078537,
            1668000,
            1636864,
            139
        ],
        [
            270.03446769714355,
            1404000,
            1377792,
            117
        ],
        [
            278.31412506103516,
            1560000,
            1530880,
            130
        ],
        [
            276.014687538147,
            1656000,
            1625088,
            138
        ]
    ],
    "48": [
        [
            345.4710211753845,
            1704000,
            1672192,
            142
        ],
        [
            346.51435112953186,
            1944000,
            1907712,
            162
        ],
        [
            346.22506499290466,
            1884000,
            1848832,
            157
        ],
        [
            352.94145011901855,
            1956000,
            1919488,
            163
        ],
        [
            345.7204396724701,
            1776000,
            1742848,
            148
        ],
        [
            351.1852114200592,
            1896000,
            1860608,
            158
        ],
        [
            343.5378861427307,
            2112000,
            2072576,
            176
        ],
        [
            335.9277460575104,
            1728000,
            1695744,
            144
        ],
        [
            334.0022141933441,
            1764000,
            1731072,
            147
        ],
        [
            337.87230038642883,
            1956000,
            1919488,
            163
        ]
    ],