{
    "6": [
        [
            39.25654888153076,
            1908000,
            1872384,
            159
        ],
        [
            39.019850969314575,
            1896000,
            1860608,
            158
        ],
        [
            40.1545889377594,
            1980000,
            1943040,
            165
        ],
        [
            39.19314360618591,
            1884000,
            1848832,
            157
        ],
        [
            37.93185901641846,
            1824000,
            1789952,
            152
        ],
        [
            38.84998559951782,
            1908000,
            1872384,
            159
        ],
        [
            39.651543617248535,
            1980000,
            1943040,
            165
        ],
        [
            38.08512902259827,
            1860000,
            1825280,
            155
        ],
        [
            40.97484230995178,
            2040000,
            2001920,
            170
        ],
        [
            38.15014362335205,
            1884000,
            1848832,
            157
        ]
    ],
    "9": [
        [
            60.493372440338135,
            2868000,
            2814464,
            239
        ],
        [
            62.23935890197754,
            3024000,
            2967552,
            252
        ],
        [
            59.486140727996826,
            2856000,
            2802688,
            238
        ],
        [
            57.52333617210388,
            2700000,
            2649600,
            225
        ],
        [
            58.93765640258789,
            2856000,
            2802688,
            238
        ],
        [
            61.17211627960205,
            2964000,
            2908672,
            247
        ],
        [
            62.311542987823486,
            3012000,
            2955776,
            251
        ],
        [
            59.81032180786133,
            2856000,
            2802688,
            238
        ],
        [
            61.37632966041565,
            2916000,
            2861568,
            243
        ],
        [
            63.61438584327698,
            3060000,
            3002880,
            255
        ]
    ],
    "12": [
        [
            78.32408833503723,
            3696000,
            3627008,
            308
        ],
        [
            82.41902542114258,
            3888000,
            3815424,
            324
        ],
        [
            83.88812589645386,
            3900000,
            3827200,
            325
        ],
        [
            82.74904036521912,
            3888000,
            3815424,
            324
        ],
        [
            79.52836036682129,
            3708000,
            3638784,
            309
        ],
        [
            82.103200674057,
            3864000,
            3791872,
            322
        ],
        [
            83.0333309173584,
            3864000,
            3791872,
            322
        ],
        [
            85.69786477088928,
            4008000,
            3933184,
            334
        ],
        [
            80.00043892860413,
            3744000,
            3674112,
            312
        ],
        [
            79.78423261642456,
            3720000,
            3650560,
            310
        ]
    ],
    "18": [
        [
            123.97842049598694,
            5568000,
            5464064,
            464
        ],
        [
            127.70412731170654,
            5784000,
            5676032,
            482
        ],
        [
            131.72576999664307,
            5964000,
            5852672,
            497
        ],
        [
            129.0225019454956,
            5796000,
            5687808,
            483
        ],
        [
            125.07755470275879,
            5688000,
            5581824,
            474
        ],
        [
            126.19331455230713,
            5628000,
            5522944,
            469
        ],
        [
            127.81580662727356,
            5784000,
            5676032,
            482
        ],
        [
            124.03054094314575,
            5592000,
            5487616,
            466
        ],
        [
            127.51315259933472,
            5736000,
            5628928,
            478
        ],
        [
            123.52882552146912,
            5508000,
            5405184,
            459
        ]
    ],
    "24": [
        [
            170.4558460712433,
            7320000,
            7183360,
            610
        ],
        [
            167.8881425857544,
            7200000,
            7065600,
            600
        ],
        [
            168.06885027885437,
            7296000,
            7159808,
            608
        ],
        [
            174.54007530212402,
            7488000,
            7348224,
            624
        ],
        [
            166.34402561187744,
            7116000,
            6983168,
            593
        ],
        [
            172.8403868675232,
            7452000,
            7312896,
            621
        ],
        [
            164.23673176765442,
            7116000,
            6983168,
            593
        ],
        [
            170.43080949783325,
            7332000,
            7195136,
            611
        ],
        [
            170.58098602294922,
            7332000,
            7195136,
            611
        ],
        [
            173.9665801525116,
            7476000,
            7336448,
            623
        ]
    ],
    "36": [
        [
            262.51323199272156,
            10524000,
            10327552,
            877
        ],
        [
            260.10268545150757,
            10416000,
            10221568,
            868
        ],
        [
            270.41420817375183,
            10872000,
            10669056,
            906
        ],
        [
            255.35391902923584,
            10308000,
            10115584,
            859
        ],
        [
            263.4230716228485,
            10524000,
            10327552,
            877
        ],
        [
            260.77304697036743,
            10404000,
            10209792,
            867
        ],
        [
            264.20897006988525,
            10608000,
            10409984,
            884
        ],
        [
            260.04438614845276,
            10272000,
            10080256,
            856
        ],
        [
            269.7413568496704,
            10788000,
            10586624,
            899
        ],
        [
            262.81715989112854,
            10608000,
            10409984,
            884
        ]
    ],
    "48": [
        [
            346.1105332374573,
            13068000,
            12824064,
            1089
        ],
        [
            351.9399564266205,
            13428000,
            13177344,
            1119
        ],
        [
            349.4941203594208,
            13152000,
            12906496,
            1096
        ],
        [
            341.70137882232666,
            12960000,
            12718080,
            1080
        ],
        [
            354.98081135749817,
            13488000,
            13236224,
            1124
        ],
        [
            352.1491847038269,
            13308000,
            13059584,
            1109
        ],
        [
            347.58764576911926,
            13464000,
            13212672,
            1122
        ],
        [
            341.6374788284302,
            13152000,
            12906496,
            1096
        ],
        [
            337.73851108551025,
            13188000,
            12941824,
            1099
        ],
        [
            344.6538860797882,
            13296000,
            13047808,
            1108
        ]
    ],