{
    "6": [
        [
            22.82780385017395,
            30324000,
            29757952,
            5054
        ]
    ],
    "9": [
        [
            33.55086660385132,
            44988000,
            44148224,
            7498
        ]
    ],
    "12": [
        [
            43.48114895820618,
            58260000,
            57172480,
            9710
        ]
    ],
    "18": [
        [
            61.16320085525513,
            85620000,
            84021760,
            14270
        ]
    ],
    "24": [
        [
            76.29131054878235,
            109824000,
            107773952,
            18304
        ]
    ],
    "36": [
        [
            103.25119256973267,
            154140000,
            151262720,
            25690
        ]
    ],
    "48": [
        [
            128.07958054542542,
            192504000,
            188910592,
            32084
        ]
    ],
    "54": [
        [
            137.5037899017334,
            211800000,
            207846400,
            35300
        ]
    ]
}