{
    "6": [
        [
            20.2145733833313,
            3828000,
            3756544,
            319
        ],
        [
            19.63309621810913,
            3804000,
            3732992,
            317
        ],
        [
            20.41535997390747,
            3888000,
            3815424,
            324
        ],
        [
            19.58987545967102,
            3780000,
            3709440,
            315
        ],
        [
            20.45434594154358,
            3948000,
            3874304,
            329
        ],
        [
            19.300110578536987,
            3744000,
            3674112,
            312
        ],
        [
            19.715394258499146,
            3804000,
            3732992,
            317
        ],
        [
            20.125271558761597,
            3888000,
            3815424,
            324
        ],
        [
            19.59178876876831,
            3816000,
            3744768,
            318
        ],
        [
            20.30362892150879,
            3876000,
            3803648,
            323
        ]
    ],
    "9": [
        [
            35.117841482162476,
            5640000,
            5534720,
            470
        ],
        [
            34.06035494804382,
            5580000,
            5475840,
            465
        ],
        [
            35.63043546676636,
            5736000,
            5628928,
            478
        ],
        [
            35.51140761375427,
            5784000,
            5676032,
            482
        ],
        [
            35.99751877784729,
            5772000,
            5664256,
            481
        ],
        [
            34.4894540309906,
            5664000,
            5558272,
            472
        ],
        [
            34.294434547424316,
            5640000,
            5534720,
            470
        ],
        [
            33.196871757507324,
            5484000,
            5381632,
            457
        ],
        [
            35.63723969459534,
            5748000,
            5640704,
            479
        ],
        [
            35.939279556274414,
            5712000,
            5605376,
            476
        ]
    ],
    "12": [
        [
            50.85257625579834,
            7272000,
            7136256,
            606
        ],
        [
            52.00462222099304,
            7404000,
            7265792,
            617
        ],
        [
            51.45692825317383,
            7368000,
            7230464,
            614
        ],
        [
            50.20145392417908,
            7212000,
            7077376,
            601
        ],
        [
            52.536524534225464,
            7440000,
            7301120,
            620
        ],
        [
            51.243268966674805,
            7320000,
            7183360,
            610
        ],
        [
            52.16920185089111,
            7404000,
            7265792,
            617
        ],
        [
            51.57306385040283,
            7380000,
            7242240,
            615
        ],
        [
            51.63783550262451,
            7308000,
            7171584,
            609
        ],
        [
            52.90264844894409,
            7368000,
            7230464,
            614
        ]
    ],
    "18": [
        [
            95.73069763183594,
            10812000,
            10610176,
            901
        ],
        [
            93.25112962722778,
            10680000,
            10480640,
            890
        ],
        [
            90.71383166313171,
            10524000,
            10327552,
            877
        ],
        [
            89.47874450683594,
            10512000,
            10315776,
            876
        ],
        [
            95.25126028060913,
            10752000,
            10551296,
            896
        ],
        [
            93.95799255371094,
            10704000,
            10504192,
            892
        ],
        [
            94.05782222747803,
            10680000,
            10480640,
            890
        ],
        [
            91.19038772583008,
            10596000,
            10398208,
            883
        ],
        [
            93.52887487411499,
            10704000,
            10504192,
            892
        ],
        [
            96.35787415504456,
            10884000,
            10680832,
            907
        ]
    ],
    "24": [
        [
            138.57941055297852,
            13560000,
            13306880,
            1130
        ],
        [
            134.7945601940155,
            13332000,
            13083136,
            1111
        ],
        [
            139.93364000320435,
            13680000,
            13424640,
            1140
        ],
        [
            140.21707201004028,
            13692000,
            13436416,
            1141
        ],
        [
            139.12540316581726,
            13500000,
            13248000,
            1125
        ],
        [
            134.54169249534607,
            13308000,
            13059584,
            1109
        ],
        [
            134.74621868133545,
            13332000,
            13083136,
            1111
        ],
        [
            141.021963596344,
            13656000,
            13401088,
            1138
        ],
        [
            142.60733294487,
            13872000,
            13613056,
            1156
        ],
        [
            138.90750288963318,
            13596000,
            13342208,
            1133
        ]
    ],
    "36": [
        [
            253.8367464542389,
            19248000,
            18888704,
            1604
        ],
        [
            253.78573536872864,
            19176000,
            18818048,
            1598
        ],
        [
            253.43306040763855,
            19260000,
            18900480,
            1605
        ],
        [
            247.91295313835144,
            18900000,
            18547200,
            1575
        ],
        [
            247.38383269309998,
            18972000,
            18617856,
            1581
        ],
        [
            249.66398239135742,
            19032000,
            18676736,
            1586
        ],
        [
            253.51088166236877,
            19296000,
            18935808,
            1608
        ],
        [
            252.45464038848877,
            19248000,
            18888704,
            1604
        ],
        [
            249.67989683151245,
            19128000,
            18770944,
            1594
        ],
        [
            257.16803646087646,
            19296000,
            18935808,
            1608
        ]
    ],
    "48": [
        [
            373.863587141037,
            23928000,
            23481344,
            1994
        ],
        [
            360.5045499801636,
            23484000,
            23045632,
            1957
        ],
        [
            367.7441017627716,
            23664000,
            23222272,
            1972
        ],
        [
            362.65085530281067,
            23412000,
            22974976,
            1951
        ],
        [
            370.3141038417816,
            23712000,
            23269376,
            1976
        ],
        [
            370.7798674106598,
            23808000,
            23363584,
            1984
        ],
        [
            359.2431449890137,
            23508000,
            23069184,
            1959
        ],
        [
            363.6646845340729,
            23664000,
            23222272,
            1972
        ],
        [
            357.24227356910706,
            23532000,
            23092736,
            1961
        ],
        [
            355.9943287372589,
            23424000,
            22986752,
            1952
        ]
    ],