{
    "6": [
        [
            0.15758466720581055,
            5376000,
            5275648,
            896
        ],
        [
            0.1359255313873291,
            5376000,
            5275648,
            896
        ],
        [
            0.13858270645141602,
            5376000,
            5275648,
            896
        ],
        [
            0.14586496353149414,
            5376000,
            5275648,
            896
        ],
        [
            0.15764689445495605,
            5376000,
            5275648,
            896
        ],
        [
            0.13232874870300293,
            5376000,
            5275648,
            896
        ],
        [
            0.12918543815612793,
            5376000,
            5275648,
            896
        ],
        [
            0.143568754196167,
            5376000,
            5275648,
            896
        ],
        [
            0.14256882667541504,
            5364000,
            5263872,
            894
        ],
        [
            0.14268064498901367,
            5376000,
            5275648,
            896
        ]
    ],
    "9": [
        [
            0.19071316719055176,
            7800000,
            7654400,
            1300
        ],
        [
            0.1971285343170166,
            7788000,
            7642624,
            1298
        ],
        [
            0.19813108444213867,
            7776000,
            7630848,
            1296
        ],
        [
            0.20622968673706055,
            7800000,
            7654400,
            1300
        ],
        [
            0.19823169708251953,
            7800000,
            7654400,
            1300
        ],
        [
            0.18732786178588867,
            7788000,
            7642624,
            1298
        ],
        [
            0.1893327236175537,
            7800000,
            7654400,
            1300
        ],
        [
            0.1873338222503662,
            7800000,
            7654400,
            1300
        ],
        [
            0.19299530982971191,
            7776000,
            7630848,
            1296
        ],
        [
            0.20442438125610352,
            7776000,
            7630848,
            1296
        ]
    ],
    "12": [
        [
            0.24548077583312988,
            10056000,
            9868288,
            1676
        ],
        [
            0.23252129554748535,
            10044000,
            9856512,
            1674
        ],
        [
            0.23885273933410645,
            10044000,
            9856512,
            1674
        ],
        [
            0.24174046516418457,
            10056000,
            9868288,
            1676
        ],
        [
            0.2327117919921875,
            10044000,
            9856512,
            1674
        ],
        [
            0.23729181289672852,
            10056000,
            9868288,
            1676
        ],
        [
            0.2682912349700928,
            10020000,
            9832960,
            1670
        ],
        [
            0.28189992904663086,
            10032000,
            9844736,
            1672
        ],
        [
            0.2609372138977051,
            10044000,
            9856512,
            1674
        ],
        [
            0.262814998626709,
            10044000,
            9856512,
            1674
        ]
    ],
    "18": [
        [
            0.4111809730529785,
            14184000,
            13919232,
            2364
        ],
        [
            0.3774411678314209,
            14148000,
            13883904,
            2358
        ],
        [
            0.3664400577545166,
            14196000,
            13931008,
            2366
        ],
        [
            0.3342452049255371,
            14148000,
            13883904,
            2358
        ],
        [
            0.37143754959106445,
            14136000,
            13872128,
            2356
        ],
        [
            0.3833897113800049,
            14184000,
            13919232,
            2364
        ],
        [
            0.36685752868652344,
            14196000,
            13931008,
            2366
        ],
        [
            0.34485578536987305,
            14184000,
            13919232,
            2364
        ],
        [
            0.3628556728363037,
            14148000,
            13883904,
            2358
        ],
        [
            0.34500932693481445,
            14172000,
            13907456,
            2362
        ]
    ],
    "24": [
        [
            0.4542272090911865,
            17628000,
            17298944,
            2938
        ],
        [
            0.43222689628601074,
            17700000,
            17369600,
            2950
        ],
        [
            0.4907035827636719,
            17712000,
            17381376,
            2952
        ],
        [
            0.5041506290435791,
            17652000,
            17322496,
            2942
        ],
        [
            0.49116063117980957,
            17736000,
            17404928,
            2956
        ],
        [
            0.4800088405609131,
            17700000,
            17369600,
            2950
        ],
        [
            0.47226905822753906,
            17748000,
            17416704,
            2958
        ],
        [
            0.4472689628601074,
            17628000,
            17298944,
            2938
        ],
        [
            0.46709728240966797,
            17640000,
            17310720,
            2940
        ],
        [
            0.43310022354125977,
            17676000,
            17346048,
            2946
        ]
    ],
    "36": [
        [
            0.6186344623565674,
            23832000,
            23387136,
            3972
        ],
        [
            0.6306319236755371,
            23892000,
            23446016,
            3982
        ],
        [
            0.5656330585479736,
            23892000,
            23446016,
            3982
        ],
        [
            0.6406958103179932,
            23856000,
            23410688,
            3976
        ],
        [
            0.6038715839385986,
            23844000,
            23398912,
            3974
        ],
        [
            0.6216473579406738,
            23832000,
            23387136,
            3972
        ],
        [
            0.6092450618743896,
            23952000,
            23504896,
            3992
        ],
        [
            0.598618745803833,
            23844000,
            23398912,
            3974
        ],
        [
            0.6124148368835449,
            23808000,
            23363584,
            3968
        ],
        [
            0.5697722434997559,
            23772000,
            23328256,
            3962
        ]
    ],