{
    "6": [
        [
            18.343371629714966,
            4476000,
            4392448,
            373
        ],
        [
            18.786309003829956,
            4596000,
            4510208,
            383
        ],
        [
            19.097168922424316,
            4668000,
            4580864,
            389
        ],
        [
            19.069704294204712,
            4632000,
            4545536,
            386
        ],
        [
            19.610394716262817,
            4704000,
            4616192,
            392
        ],
        [
            18.957680225372314,
            4608000,
            4521984,
            384
        ],
        [
            18.99068808555603,
            4632000,
            4545536,
            386
        ],
        [
            18.83665132522583,
            4608000,
            4521984,
            384
        ],
        [
            19.038698196411133,
            4632000,
            4545536,
            386
        ],
        [
            18.581595420837402,
            4560000,
            4474880,
            380
        ]
    ],
    "9": [
        [
            36.333536863327026,
            6876000,
            6747648,
            573
        ],
        [
            35.56800889968872,
            6768000,
            6641664,
            564
        ],
        [
            37.057923793792725,
            6936000,
            6806528,
            578
        ],
        [
            36.104334115982056,
            6852000,
            6724096,
            571
        ],
        [
            35.719043493270874,
            6804000,
            6676992,
            567
        ],
        [
            34.81938123703003,
            6708000,
            6582784,
            559
        ],
        [
            35.61596155166626,
            6804000,
            6676992,
            567
        ],
        [
            36.045037508010864,
            6828000,
            6700544,
            569
        ],
        [
            35.90146470069885,
            6816000,
            6688768,
            568
        ],
        [
            33.55550956726074,
            6528000,
            6406144,
            544
        ]
    ],
    "12": [
        [
            56.1775963306427,
            8880000,
            8714240,
            740
        ],
        [
            56.33513903617859,
            8904000,
            8737792,
            742
        ],
        [
            56.15409708023071,
            8856000,
            8690688,
            738
        ],
        [
            58.08584260940552,
            9072000,
            8902656,
            756
        ],
        [
            55.70171546936035,
            8808000,
            8643584,
            734
        ],
        [
            54.634474754333496,
            8736000,
            8572928,
            728
        ],
        [
            53.83406209945679,
            8664000,
            8502272,
            722
        ],
        [
            54.909287452697754,
            8772000,
            8608256,
            731
        ],
        [
            54.57500958442688,
            8724000,
            8561152,
            727
        ],
        [
            56.189374685287476,
            8844000,
            8678912,
            737
        ]
    ],
    "18": [
        [
            109.00639867782593,
            12648000,
            12411904,
            1054
        ],
        [
            110.44034838676453,
            12660000,
            12423680,
            1055
        ],
        [
            109.87860608100891,
            12564000,
            12329472,
            1047
        ],
        [
            113.96079969406128,
            12804000,
            12564992,
            1067
        ],
        [
            110.59403681755066,
            12648000,
            12411904,
            1054
        ],
        [
            113.93579363822937,
            12828000,
            12588544,
            1069
        ],
        [
            110.21578884124756,
            12492000,
            12258816,
            1041
        ],
        [
            117.20778036117554,
            12888000,
            12647424,
            1074
        ],
        [
            116.1525092124939,
            12780000,
            12541440,
            1065
        ],
        [
            113.08072590827942,
            12672000,
            12435456,
            1056
        ]
    ],
    "24": [
        [
            168.81850242614746,
            15768000,
            15473664,
            1314
        ],
        [
            176.0752727985382,
            16152000,
            15850496,
            1346
        ],
        [
            174.4276146888733,
            16044000,
            15744512,
            1337
        ],
        [
            174.87273716926575,
            15960000,
            15662080,
            1330
        ],
        [
            177.65336418151855,
            16188000,
            15885824,
            1349
        ],
        [
            174.44664001464844,
            15972000,
            15673856,
            1331
        ],
        [
            171.92487716674805,
            16008000,
            15709184,
            1334
        ],
        [
            175.12807989120483,
            16164000,
            15862272,
            1347
        ],
        [
            175.80123281478882,
            16236000,
            15932928,
            1353
        ],
        [
            178.21441388130188,
            16344000,
            16038912,
            1362
        ]
    ],
    "36": [
        [
            320.12953424453735,
            22416000,
            21997568,
            1868
        ],
        [
            318.2741138935089,
            22512000,
            22091776,
            1876
        ],
        [
            313.48724246025085,
            22344000,
            21926912,
            1862
        ],
        [
            310.8046352863312,
            22212000,
            21797376,
            1851
        ],
        [
            318.4996464252472,
            22500000,
            22080000,
            1875
        ],
        [
            319.7289226055145,
            22464000,
            22044672,
            1872
        ],
        [
            306.1862919330597,
            22128000,
            21714944,
            1844
        ],
        [
            318.18571305274963,
            22644000,
            22221312,
            1887
        ],
        [
            305.6273612976074,
            22176000,
            21762048,
            1848
        ],
        [
            316.8420264720917,
            22596000,
            22174208,
            1883
        ]
    ],
    "48": [
        [
            456.0480332374573,
            27528000,
            27014144,
            2294
        ],
        [
            453.9751281738281,
            27564000,
            27049472,
            2297
        ],
        [
            452.63718128204346,
            27552000,
            27037696,
            2296
        ],
        [
            449.39061999320984,
            27372000,
            26861056,
            2281
        ],
        [
            458.724383354187,
            27744000,
            27226112,
            2312
        ],
        [
            437.33036518096924,
            27060000,
            26554880,
            2255
        ],
        [
            446.38812804222107,
            27672000,
            27155456,
            2306
        ],
        [
            448.8636245727539,
            27660000,
            27143680,
            2305
        ],
        [
            444.6767325401306,
            27696000,
            27179008,
            2308
        ],
        [
            437.2811779975891,
            27384000,
            26872832,
            2282
        ]
    ],