{
    "6": [
        [
            1.649970531463623,
            47760000,
            46868480,
            7960
        ]
    ],
    "9": [
        [
            2.3952019214630127,
            69540000,
            68241920,
            11590
        ]
    ],
    "12": [
        [
            2.970377206802368,
            90672000,
            88979456,
            15112
        ]
    ],
    "18": [
        [
            4.139474153518677,
            129756000,
            127333888,
            21626
        ]
    ],
    "24": [
        [
            4.870319604873657,
            164484000,
            161413632,
            27414
        ]
    ],
    "36": [
        [
            6.356532335281372,
            229008000,
            224733184,
            38168
        ]
    ],
    "48": [
        [
            7.406712293624878,
            279840000,
            274616320,
            46640
        ]
    ],
    "54": [
        [
            7.878288269042969,
            306900000,
            301171200,
            51150
        ]
    ]
}