{
    "6": [
        [
            26.641870498657227,
            3108000,
            3049984,
            259
        ],
        [
            25.549176454544067,
            3060000,
            3002880,
            255
        ],
        [
            25.174058198928833,
            3024000,
            2967552,
            252
        ],
        [
            25.36210870742798,
            3048000,
            2991104,
            254
        ],
        [
            25.503763437271118,
            3024000,
            2967552,
            252
        ],
        [
            24.90762734413147,
            2976000,
            2920448,
            248
        ],
        [
            25.842302322387695,
            3060000,
            3002880,
            255
        ],
        [
            25.768091440200806,
            3024000,
            2967552,
            252
        ],
        [
            26.46818208694458,
            3120000,
            3061760,
            260
        ],
        [
            26.070091009140015,
            3120000,
            3061760,
            260
        ]
    ],
    "9": [
        [
            43.85398745536804,
            4668000,
            4580864,
            389
        ],
        [
            41.120487689971924,
            4512000,
            4427776,
            376
        ],
        [
            42.34027123451233,
            4620000,
            4533760,
            385
        ],
        [
            40.65000915527344,
            4476000,
            4392448,
            373
        ],
        [
            42.8333842754364,
            4572000,
            4486656,
            381
        ],
        [
            41.11399459838867,
            4536000,
            4451328,
            378
        ],
        [
            40.91753816604614,
            4608000,
            4521984,
            384
        ],
        [
            41.041566133499146,
            4512000,
            4427776,
            376
        ],
        [
            41.35563635826111,
            4596000,
            4510208,
            383
        ],
        [
            39.433212995529175,
            4404000,
            4321792,
            367
        ]
    ],
    "12": [
        [
            57.71555137634277,
            5904000,
            5793792,
            492
        ],
        [
            57.746559619903564,
            5928000,
            5817344,
            494
        ],
        [
            57.33000302314758,
            5880000,
            5770240,
            490
        ],
        [
            59.901378870010376,
            6108000,
            5993984,
            509
        ],
        [
            60.76545977592468,
            6168000,
            6052864,
            514
        ],
        [
            57.303455114364624,
            5928000,
            5817344,
            494
        ],
        [
            58.66520094871521,
            6024000,
            5911552,
            502
        ],
        [
            59.5472297668457,
            5964000,
            5852672,
            497
        ],
        [
            57.260191917419434,
            5820000,
            5711360,
            485
        ],
        [
            62.11369585990906,
            6132000,
            6017536,
            511
        ]
    ],
    "18": [
        [
            101.49299383163452,
            8772000,
            8608256,
            731
        ],
        [
            96.67270517349243,
            8616000,
            8455168,
            718
        ],
        [
            97.12413835525513,
            8712000,
            8549376,
            726
        ],
        [
            97.24458861351013,
            8556000,
            8396288,
            713
        ],
        [
            99.53810739517212,
            8784000,
            8620032,
            732
        ],
        [
            96.47199130058289,
            8508000,
            8349184,
            709
        ],
        [
            100.43324208259583,
            8760000,
            8596480,
            730
        ],
        [
            98.15447902679443,
            8616000,
            8455168,
            718
        ],
        [
            99.54826951026917,
            8784000,
            8620032,
            732
        ],
        [
            98.96745157241821,
            8628000,
            8466944,
            719
        ]
    ],
    "24": [
        [
            141.28379464149475,
            11184000,
            10975232,
            932
        ],
        [
            145.0371129512787,
            11316000,
            11104768,
            943
        ],
        [
            145.3182692527771,
            11340000,
            11128320,
            945
        ],
        [
            134.79616808891296,
            10836000,
            10633728,
            903
        ],
        [
            136.85263419151306,
            10848000,
            10645504,
            904
        ],
        [
            141.38142323493958,
            11040000,
            10833920,
            920
        ],
        [
            142.66364455223083,
            11148000,
            10939904,
            929
        ],
        [
            142.00856161117554,
            11220000,
            11010560,
            935
        ],
        [
            139.31311583518982,
            11040000,
            10833920,
            920
        ],
        [
            139.1710810661316,
            11100000,
            10892800,
            925
        ]
    ],
    "36": [
        [
            235.69736099243164,
            15732000,
            15438336,
            1311
        ],
        [
            237.44864296913147,
            15840000,
            15544320,
            1320
        ],
        [
            238.72803235054016,
            15852000,
            15556096,
            1321
        ],
        [
            239.8501627445221,
            15852000,
            15556096,
            1321
        ],
        [
            245.09760761260986,
            16140000,
            15838720,
            1345
        ],
        [
            235.0209481716156,
            15660000,
            15367680,
            1305
        ],
        [
            231.44789743423462,
            15552000,
            15261696,
            1296
        ],
        [
            233.01753759384155,
            15552000,
            15261696,
            1296
        ],
        [
            241.21254587173462,
            15948000,
            15650304,
            1329
        ],
        [
            239.52757239341736,
            15900000,
            15603200,
            1325
        ]
    ],
    "48": [
        [
            333.87165117263794,
            19464000,
            19100672,
            1622
        ],
        [
            341.9472062587738,
            19836000,
            19465728,
            1653
        ],
        [
            325.75648522377014,
            19284000,
            18924032,
            1607
        ],
        [
            337.20449113845825,
            19620000,
            19253760,
            1635
        ],
        [
            334.9464783668518,
            19788000,
            19418624,
            1649
        ],
        [
            331.7574963569641,
            19644000,
            19277312,
            1637
        ],
        [
            326.12564969062805,
            19512000,
            19147776,
            1626
        ],
        [
            325.4145450592041,
            19500000,
            19136000,
            1625
        ],
        [
            323.34383153915405,
            19608000,
            19241984,
            1634
        ],
        [
            330.8187680244446,
            19740000,
            19371520,
            1645
        ]
    ],