{
    "6": [
        [
            0.11981916427612305,
            5376000,
            5275648,
            896
        ],
        [
            0.1314857006072998,
            5376000,
            5275648,
            896
        ],
        [
            0.12596511840820312,
            5376000,
            5275648,
            896
        ],
        [
            0.12529969215393066,
            5376000,
            5275648,
            896
        ],
        [
            0.12457919120788574,
            5376000,
            5275648,
            896
        ],
        [
            0.13357996940612793,
            5376000,
            5275648,
            896
        ],
        [
            0.1343073844909668,
            5376000,
            5275648,
            896
        ],
        [
            0.1473093032836914,
            5376000,
            5275648,
            896
        ],
        [
            0.14385223388671875,
            5364000,
            5263872,
            894
        ],
        [
            0.1378490924835205,
            5376000,
            5275648,
            896
        ]
    ],
    "9": [
        [
            0.19298768043518066,
            7800000,
            7654400,
            1300
        ],
        [
            0.1820516586303711,
            7788000,
            7642624,
            1298
        ],
        [
            0.19105076789855957,
            7776000,
            7630848,
            1296
        ],
        [
            0.1886429786682129,
            7800000,
            7654400,
            1300
        ],
        [
            0.21535801887512207,
            7800000,
            7654400,
            1300
        ],
        [
            0.19627904891967773,
            7788000,
            7642624,
            1298
        ],
        [
            0.1842799186706543,
            7800000,
            7654400,
            1300
        ],
        [
            0.22046995162963867,
            7800000,
            7654400,
            1300
        ],
        [
            0.23146939277648926,
            7776000,
            7630848,
            1296
        ],
        [
            0.1874697208404541,
            7776000,
            7630848,
            1296
        ]
    ],
    "12": [
        [
            0.2514457702636719,
            10056000,
            9868288,
            1676
        ],
        [
            0.2614457607269287,
            10044000,
            9856512,
            1674
        ],
        [
            0.25973010063171387,
            10044000,
            9856512,
            1674
        ],
        [
            0.263824462890625,
            10056000,
            9868288,
            1676
        ],
        [
            0.25501012802124023,
            10044000,
            9856512,
            1674
        ],
        [
            0.2580103874206543,
            10056000,
            9868288,
            1676
        ],
        [
            0.245927095413208,
            10020000,
            9832960,
            1670
        ],
        [
            0.2895665168762207,
            10032000,
            9844736,
            1672
        ],
        [
            0.2796149253845215,
            10044000,
            9856512,
            1674
        ],
        [
            0.26361536979675293,
            10044000,
            9856512,
            1674
        ]
    ],
    "18": [
        [
            0.4038510322570801,
            14184000,
            13919232,
            2364
        ],
        [
            0.3976154327392578,
            14148000,
            13883904,
            2358
        ],
        [
            0.3632359504699707,
            14196000,
            13931008,
            2366
        ],
        [
            0.3603968620300293,
            14148000,
            13883904,
            2358
        ],
        [
            0.3692131042480469,
            14136000,
            13872128,
            2356
        ],
        [
            0.3712122440338135,
            14184000,
            13919232,
            2364
        ],
        [
            0.34121203422546387,
            14196000,
            13931008,
            2366
        ],
        [
            0.35421204566955566,
            14184000,
            13919232,
            2364
        ],
        [
            0.37502002716064453,
            14148000,
            13883904,
            2358
        ],
        [
            0.3879530429840088,
            14172000,
            13907456,
            2362
        ]
    ],
    "24": [
        [
            0.46279263496398926,
            17628000,
            17298944,
            2938
        ],
        [
            0.49169301986694336,
            17700000,
            17369600,
            2950
        ],
        [
            0.43874382972717285,
            17712000,
            17381376,
            2952
        ],
        [
            0.4487450122833252,
            17652000,
            17322496,
            2942
        ],
        [
            0.4956929683685303,
            17736000,
            17404928,
            2956
        ],
        [
            0.43511486053466797,
            17700000,
            17369600,
            2950
        ],
        [
            0.493180513381958,
            17748000,
            17416704,
            2958
        ],
        [
            0.46918177604675293,
            17628000,
            17298944,
            2938
        ],
        [
            0.49939942359924316,
            17640000,
            17310720,
            2940
        ],
        [
            0.479400634765625,
            17676000,
            17346048,
            2946
        ]
    ],
    "36": [
        [
            0.6975507736206055,
            23832000,
            23387136,
            3972
        ],
        [
            0.6795482635498047,
            23892000,
            23446016,
            3982
        ],
        [
            0.6588473320007324,
            23892000,
            23446016,
            3982
        ],
        [
            0.7174451351165771,
            23856000,
            23410688,
            3976
        ],
        [
            0.7056591510772705,
            23844000,
            23398912,
            3974
        ],
        [
            0.6776578426361084,
            23832000,
            23387136,
            3972
        ],
        [
            0.6086573600769043,
            23952000,
            23504896,
            3992
        ],
        [
            0.6526575088500977,
            23844000,
            23398912,
            3974
        ],
        [
            0.6505680084228516,
            23808000,
            23363584,
            3968
        ],
        [
            0.6470339298248291,
            23772000,
            23328256,
            3962
        ]
    ],