{
    "6": [
        [
            26.238067865371704,
            2340000,
            2296320,
            195
        ],
        [
            27.537717580795288,
            2400000,
            2355200,
            200
        ],
        [
            27.62876033782959,
            2424000,
            2378752,
            202
        ],
        [
            28.663999319076538,
            2508000,
            2461184,
            209
        ],
        [
            25.722302198410034,
            2244000,
            2202112,
            187
        ],
        [
            27.13862633705139,
            2328000,
            2284544,
            194
        ],
        [
            25.37422275543213,
            2160000,
            2119680,
            180
        ],
        [
            25.304363250732422,
            2160000,
            2119680,
            180
        ],
        [
            26.329598426818848,
            2304000,
            2260992,
            192
        ],
        [
            24.146093606948853,
            2052000,
            2013696,
            171
        ]
    ],
    "9": [
        [
            41.26178288459778,
            3336000,
            3273728,
            278
        ],
        [
            41.52284288406372,
            3372000,
            3309056,
            281
        ],
        [
            40.58762860298157,
            3276000,
            3214848,
            273
        ],
        [
            40.0044949054718,
            3240000,
            3179520,
            270
        ],
        [
            41.92793607711792,
            3456000,
            3391488,
            288
        ],
        [
            41.638869524002075,
            3420000,
            3356160,
            285
        ],
        [
            38.83507299423218,
            3156000,
            3097088,
            263
        ],
        [
            39.21258592605591,
            3240000,
            3179520,
            270
        ],
        [
            41.7817645072937,
            3408000,
            3344384,
            284
        ],
        [
            41.33377170562744,
            3396000,
            3332608,
            283
        ]
    ],
    "12": [
        [
            52.56051850318909,
            4140000,
            4062720,
            345
        ],
        [
            55.31915044784546,
            4392000,
            4310016,
            366
        ],
        [
            55.64122462272644,
            4368000,
            4286464,
            364
        ],
        [
            58.37646126747131,
            4608000,
            4521984,
            384
        ],
        [
            54.62896990776062,
            4320000,
            4239360,
            360
        ],
        [
            54.91938924789429,
            4284000,
            4204032,
            357
        ],
        [
            55.45766639709473,
            4356000,
            4274688,
            363
        ],
        [
            53.77117300033569,
            4200000,
            4121600,
            350
        ],
        [
            55.52158212661743,
            4356000,
            4274688,
            363
        ],
        [
            54.42233061790466,
            4284000,
            4204032,
            357
        ]
    ],
    "18": [
        [
            86.6742787361145,
            6288000,
            6170624,
            524
        ],
        [
            87.9941759109497,
            6372000,
            6253056,
            531
        ],
        [
            86.39683604240417,
            6276000,
            6158848,
            523
        ],
        [
            89.02950310707092,
            6468000,
            6347264,
            539
        ],
        [
            88.96777606010437,
            6480000,
            6359040,
            540
        ],
        [
            87.75818109512329,
            6384000,
            6264832,
            532
        ],
        [
            88.8649787902832,
            6516000,
            6394368,
            543
        ],
        [
            87.01243305206299,
            6360000,
            6241280,
            530
        ],
        [
            84.47597360610962,
            6168000,
            6052864,
            514
        ],
        [
            89.29574346542358,
            6444000,
            6323712,
            537
        ]
    ],
    "24": [
        [
            129.0524251461029,
            8640000,
            8478720,
            720
        ],
        [
            121.7151346206665,
            8232000,
            8078336,
            686
        ],
        [
            122.91385650634766,
            8256000,
            8101888,
            688
        ],
        [
            119.9313690662384,
            8196000,
            8043008,
            683
        ],
        [
            121.10043406486511,
            8124000,
            7972352,
            677
        ],
        [
            124.23214602470398,
            8328000,
            8172544,
            694
        ],
        [
            117.56299304962158,
            7968000,
            7819264,
            664
        ],
        [
            120.08456254005432,
            8100000,
            7948800,
            675
        ],
        [
            118.28889346122742,
            8028000,
            7878144,
            669
        ],
        [
            122.07140707969666,
            8280000,
            8125440,
            690
        ]
    ],
    "36": [
        [
            192.04538202285767,
            11616000,
            11399168,
            968
        ],
        [
            182.3561713695526,
            11136000,
            10928128,
            928
        ],
        [
            189.1695683002472,
            11364000,
            11151872,
            947
        ],
        [
            198.3003590106964,
            11868000,
            11646464,
            989
        ],
        [
            192.60185027122498,
            11676000,
            11458048,
            973
        ],
        [
            187.84588050842285,
            11352000,
            11140096,
            946
        ],
        [
            184.99532914161682,
            11256000,
            11045888,
            938
        ],
        [
            194.1411852836609,
            11760000,
            11540480,
            980
        ],
        [
            187.17679691314697,
            11412000,
            11198976,
            951
        ],
        [
            186.83377981185913,
            11304000,
            11092992,
            942
        ]
    ],
    "48": [
        [
            259.5258960723877,
            14388000,
            14119424,
            1199
        ],
        [
            260.65894865989685,
            14376000,
            14107648,
            1198
        ],
        [
            261.6935431957245,
            14448000,
            14178304,
            1204
        ],
        [
            252.8833680152893,
            14124000,
            13860352,
            1177
        ],
        [
            257.8674211502075,
            14268000,
            14001664,
            1189
        ],
        [
            266.0820074081421,
            14736000,
            14460928,
            1228
        ],
        [
            258.3836534023285,
            14628000,
            14354944,
            1219
        ],
        [
            248.51919198036194,
            14244000,
            13978112,
            1187
        ],
        [
            257.42418909072876,
            14532000,
            14260736,
            1211
        ],
        [
            258.9468369483948,
            14724000,
            14449152,
            1227
        ]
    ],