{
    "6": [
        [
            31.665230751037598,
            2640000,
            2590720,
            220
        ],
        [
            31.384422302246094,
            2652000,
            2602496,
            221
        ],
        [
            28.70326066017151,
            2460000,
            2414080,
            205
        ],
        [
            30.97726082801819,
            2580000,
            2531840,
            215
        ],
        [
            30.68088126182556,
            2616000,
            2567168,
            218
        ],
        [
            30.059131860733032,
            2520000,
            2472960,
            210
        ],
        [
            30.23617172241211,
            2568000,
            2520064,
            214
        ],
        [
            30.773804903030396,
            2616000,
            2567168,
            218
        ],
        [
            30.83981966972351,
            2592000,
            2543616,
            216
        ],
        [
            31.077873945236206,
            2652000,
            2602496,
            221
        ]
    ],
    "9": [
        [
            48.6440794467926,
            3936000,
            3862528,
            328
        ],
        [
            48.88013219833374,
            3900000,
            3827200,
            325
        ],
        [
            48.54629707336426,
            3828000,
            3756544,
            319
        ],
        [
            45.582064390182495,
            3672000,
            3603456,
            306
        ],
        [
            48.54729771614075,
            3912000,
            3838976,
            326
        ],
        [
            46.83190870285034,
            3792000,
            3721216,
            316
        ],
        [
            46.93585157394409,
            3792000,
            3721216,
            316
        ],
        [
            46.95247292518616,
            3828000,
            3756544,
            319
        ],
        [
            46.60439324378967,
            3768000,
            3697664,
            314
        ],
        [
            49.0723614692688,
            3948000,
            3874304,
            329
        ]
    ],
    "12": [
        [
            66.3882200717926,
            5040000,
            4945920,
            420
        ],
        [
            66.06663656234741,
            5088000,
            4993024,
            424
        ],
        [
            69.15195608139038,
            5160000,
            5063680,
            430
        ],
        [
            67.89880061149597,
            5208000,
            5110784,
            434
        ],
        [
            65.26345300674438,
            4980000,
            4887040,
            415
        ],
        [
            64.91737627983093,
            4968000,
            4875264,
            414
        ],
        [
            66.38720655441284,
            5076000,
            4981248,
            423
        ],
        [
            64.52122020721436,
            4992000,
            4898816,
            416
        ],
        [
            65.66484141349792,
            5040000,
            4945920,
            420
        ],
        [
            67.80732750892639,
            5196000,
            5099008,
            433
        ]
    ],
    "18": [
        [
            105.2418966293335,
            7332000,
            7195136,
            611
        ],
        [
            109.68346500396729,
            7548000,
            7407104,
            629
        ],
        [
            108.23457789421082,
            7536000,
            7395328,
            628
        ],
        [
            111.1501898765564,
            7644000,
            7501312,
            637
        ],
        [
            104.34178876876831,
            7284000,
            7148032,
            607
        ],
        [
            102.35505270957947,
            7152000,
            7018496,
            596
        ],
        [
            108.82901382446289,
            7548000,
            7407104,
            629
        ],
        [
            106.61059927940369,
            7476000,
            7336448,
            623
        ],
        [
            102.87475228309631,
            7284000,
            7148032,
            607
        ],
        [
            103.5519049167633,
            7296000,
            7159808,
            608
        ]
    ],
    "24": [
        [
            146.5469105243683,
            9468000,
            9291264,
            789
        ],
        [
            145.63083457946777,
            9468000,
            9291264,
            789
        ],
        [
            149.6089026927948,
            9564000,
            9385472,
            797
        ],
        [
            154.70775651931763,
            9864000,
            9679872,
            822
        ],
        [
            151.75748538970947,
            9732000,
            9550336,
            811
        ],
        [
            144.24132466316223,
            9456000,
            9279488,
            788
        ],
        [
            143.88955402374268,
            9348000,
            9173504,
            779
        ],
        [
            147.9883484840393,
            9540000,
            9361920,
            795
        ],
        [
            150.27533769607544,
            9708000,
            9526784,
            809
        ],
        [
            147.3531551361084,
            9612000,
            9432576,
            801
        ]
    ],
    "36": [
        [
            240.76497983932495,
            13548000,
            13295104,
            1129
        ],
        [
            243.0342674255371,
            13680000,
            13424640,
            1140
        ],
        [
            234.2310290336609,
            13308000,
            13059584,
            1109
        ],
        [
            239.32134366035461,
            13584000,
            13330432,
            1132
        ],
        [
            237.0495491027832,
            13488000,
            13236224,
            1124
        ],
        [
            238.53905844688416,
            13392000,
            13142016,
            1116
        ],
        [
            240.50654101371765,
            13584000,
            13330432,
            1132
        ],
        [
            234.9132947921753,
            13452000,
            13200896,
            1121
        ],
        [
            246.03237080574036,
            13896000,
            13636608,
            1158
        ],
        [
            240.30794191360474,
            13668000,
            13412864,
            1139
        ]
    ],
    "48": [
        [
            332.53433060646057,
            16932000,
            16615936,
            1411
        ],
        [
            337.7532479763031,
            17148000,
            16827904,
            1429
        ],
        [
            332.2956781387329,
            16932000,
            16615936,
            1411
        ],
        [
            328.184424161911,
            16956000,
            16639488,
            1413
        ],
        [
            321.7722396850586,
            16716000,
            16403968,
            1393
        ],
        [
            336.09593081474304,
            17196000,
            16875008,
            1433
        ],
        [
            321.5996506214142,
            16968000,
            16651264,
            1414
        ],
        [
            323.358927488327,
            16980000,
            16663040,
            1415
        ],
        [
            326.31878089904785,
            17100000,
            16780800,
            1425
        ],
        [
            321.36341190338135,
            16884000,
            16568832,
            1407
        ]
    ],