{
    "6": [
        [
            0.8409237861633301,
            3612000,
            3544576,
            602
        ],
        [
            0.8678503036499023,
            3420000,
            3356160,
            570
        ],
        [
            0.8199257850646973,
            3420000,
            3356160,
            570
        ],
        [
            0.8358616828918457,
            3468000,
            3403264,
            578
        ],
        [
            0.8243465423583984,
            3384000,
            3320832,
            564
        ],
        [
            0.8203475475311279,
            3420000,
            3356160,
            570
        ],
        [
            0.8335015773773193,
            3324000,
            3261952,
            554
        ],
        [
            0.8644731044769287,
            3576000,
            3509248,
            596
        ],
        [
            0.8321175575256348,
            3456000,
            3391488,
            576
        ],
        [
            0.8492734432220459,
            3420000,
            3356160,
            570
        ]
    ],
    "9": [
        [
            1.3558695316314697,
            5064000,
            4969472,
            844
        ],
        [
            1.337702751159668,
            5340000,
            5240320,
            890
        ],
        [
            1.3888490200042725,
            5184000,
            5087232,
            864
        ],
        [
            1.262253999710083,
            5052000,
            4957696,
            842
        ],
        [
            1.227426290512085,
            5160000,
            5063680,
            860
        ],
        [
            1.4019129276275635,
            5148000,
            5051904,
            858
        ],
        [
            1.2217419147491455,
            5388000,
            5287424,
            898
        ],
        [
            1.3723649978637695,
            5148000,
            5051904,
            858
        ],
        [
            1.349029541015625,
            5028000,
            4934144,
            838
        ],
        [
            1.3194921016693115,
            5292000,
            5193216,
            882
        ]
    ],
    "12": [
        [
            1.6563034057617188,
            6864000,
            6735872,
            1144
        ],
        [
            1.820185899734497,
            6828000,
            6700544,
            1138
        ],
        [
            1.624394416809082,
            6864000,
            6735872,
            1144
        ],
        [
            1.654728889465332,
            6888000,
            6759424,
            1148
        ],
        [
            1.8398213386535645,
            7008000,
            6877184,
            1168
        ],
        [
            1.8326852321624756,
            6888000,
            6759424,
            1148
        ],
        [
            1.668294906616211,
            6924000,
            6794752,
            1154
        ],
        [
            1.7480154037475586,
            6744000,
            6618112,
            1124
        ],
        [
            1.683295488357544,
            6828000,
            6700544,
            1138
        ],
        [
            1.6690149307250977,
            6780000,
            6653440,
            1130
        ]
    ],
    "18": [
        [
            2.4993908405303955,
            9984000,
            9797632,
            1664
        ],
        [
            2.62028431892395,
            10140000,
            9950720,
            1690
        ],
        [
            2.4676530361175537,
            9888000,
            9703424,
            1648
        ],
        [
            2.5064284801483154,
            9924000,
            9738752,
            1654
        ],
        [
            2.351379632949829,
            9900000,
            9715200,
            1650
        ],
        [
            2.480956792831421,
            10296000,
            10103808,
            1716
        ],
        [
            2.3463926315307617,
            10332000,
            10139136,
            1722
        ],
        [
            2.336364269256592,
            9900000,
            9715200,
            1650
        ],
        [
            2.4644055366516113,
            10140000,
            9950720,
            1690
        ],
        [
            2.4951820373535156,
            10152000,
            9962496,
            1692
        ]
    ],
    "24": [
        [
            3.1161723136901855,
            12924000,
            12682752,
            2154
        ],
        [
            3.178346872329712,
            12996000,
            12753408,
            2166
        ],
        [
            3.0623867511749268,
            13200000,
            12953600,
            2200
        ],
        [
            3.068441390991211,
            12924000,
            12682752,
            2154
        ],
        [
            2.95817494392395,
            12948000,
            12706304,
            2158
        ],
        [
            3.1632518768310547,
            13128000,
            12882944,
            2188
        ],
        [
            3.0739710330963135,
            12624000,
            12388352,
            2104
        ],
        [
            3.1282505989074707,
            12792000,
            12553216,
            2132
        ],
        [
            3.04974365234375,
            12984000,
            12741632,
            2164
        ],
        [
            3.2043771743774414,
            12912000,
            12670976,
            2152
        ]
    ],
    "36": [
        [
            4.398264408111572,
            18324000,
            17981952,
            3054
        ],
        [
            4.190478324890137,
            18216000,
            17875968,
            3036
        ],
        [
            4.3642072677612305,
            18492000,
            18146816,
            3082
        ],
        [
            4.279322147369385,
            18324000,
            17981952,
            3054
        ],
        [
            4.330397367477417,
            18120000,
            17781760,
            3020
        ],
        [
            4.431457757949829,
            18300000,
            17958400,
            3050
        ],
        [
            4.405792474746704,
            18372000,
            18029056,
            3062
        ],
        [
            4.266792297363281,
            18216000,
            17875968,
            3036
        ],
        [
            4.328617334365845,
            18228000,
            17887744,
            3038
        ],
        [
            4.351465463638306,
            18336000,
            17993728,
            3056
        ]
    ],
    "48": [
        [
            5.281576156616211,
            22836000,
            22409728,
            3806
        ],
        [
            5.381070375442505,
            22956000,
            22527488,
            3826
        ],
        [
            5.379401206970215,
            22692000,
            22268416,
            3782
        ],
        [
            5.236924171447754,
            22836000,
            22409728,
            3806
        ],
        [
            5.37841272354126,
            22932000,
            22503936,
            3822
        ],
        [
            5.326911687850952,
            22608000,
            22185984,
            3768
        ],
        [
            5.461481809616089,
            22824000,
            22397952,
            3804
        ],
        [
            5.376128673553467,
            22896000,
            22468608,
            3816
        ],
        [
            5.208232164382935,
            22560000,
            22138880,
            3760
        ],
        [
            5.1196208000183105,
            22692000,
            22268416,
            3782
        ]
    ],