{
    "6": [
        [
            13.836995601654053,
            32940000,
            32325120,
            5490
        ]
    ],
    "9": [
        [
            19.883674144744873,
            48588000,
            47681024,
            8098
        ]
    ],
    "12": [
        [
            24.972469329833984,
            64080000,
            62883840,
            10680
        ]
    ],
    "18": [
        [
            34.83771800994873,
            92172000,
            90451456,
            15362
        ]
    ],
    "24": [
        [
            43.58249473571777,
            118356000,
            116146688,
            19726
        ]
    ],
    "36": [
        [
            58.35140943527222,
            167124000,
            164004352,
            27854
        ]
    ],
    "48": [
        [
            73.1512668132782,
            207492000,
            203618816,
            34582
        ]
    ],
    "54": [
        [
            75.66462564468384,
            227712000,
            223461376,
            37952
        ]
    ]
}