{
    "6": [
        [
            2.565690517425537,
            43488000,
            42676224,
            7248
        ]
    ],
    "9": [
        [
            3.7313780784606934,
            63696000,
            62507008,
            10616
        ]
    ],
    "12": [
        [
            4.7262279987335205,
            83376000,
            81819648,
            13896
        ]
    ],
    "18": [
        [
            6.357801198959351,
            119424000,
            117194752,
            19904
        ]
    ],
    "24": [
        [
            7.69510817527771,
            152196000,
            149355008,
            25366
        ]
    ],
    "36": [
        [
            10.271686553955078,
            212640000,
            208670720,
            35440
        ]
    ],
    "48": [
        [
            11.973284244537354,
            261252000,
            256375296,
            43542
        ]
    ],
    "54": [
        [
            12.948491334915161,
            286848000,
            281493504,
            47808
        ]
    ]
}