{
    "6": [
        [
            62.5691933631897,
            1032000,
            1012736,
            86
        ],
        [
            64.46329975128174,
            1056000,
            1036288,
            88
        ],
        [
            60.258840560913086,
            972000,
            953856,
            81
        ],
        [
            60.23230218887329,
            936000,
            918528,
            78
        ],
        [
            65.6793954372406,
            1116000,
            1095168,
            93
        ],
        [
            58.934946060180664,
            912000,
            894976,
            76
        ],
        [
            59.564045906066895,
            912000,
            894976,
            76
        ],
        [
            56.07369685173035,
            828000,
            812544,
            69
        ],
        [
            60.85930800437927,
            960000,
            942080,
            80
        ],
        [
            60.55926012992859,
            960000,
            942080,
            80
        ]
    ],
    "9": [
        [
            95.06004977226257,
            1572000,
            1542656,
            131
        ],
        [
            93.42843985557556,
            1512000,
            1483776,
            126
        ],
        [
            94.72243070602417,
            1596000,
            1566208,
            133
        ],
        [
            97.06978297233582,
            1644000,
            1613312,
            137
        ],
        [
            94.04653716087341,
            1536000,
            1507328,
            128
        ],
        [
            90.4802737236023,
            1416000,
            1389568,
            118
        ],
        [
            95.98946213722229,
            1608000,
            1577984,
            134
        ],
        [
            97.01159048080444,
            1632000,
            1601536,
            136
        ],
        [
            94.4664249420166,
            1608000,
            1577984,
            134
        ],
        [
            98.94612503051758,
            1680000,
            1648640,
            140
        ]
    ],
    "12": [
        [
            128.34075689315796,
            2100000,
            2060800,
            175
        ],
        [
            127.90863108634949,
            2160000,
            2119680,
            180
        ],
        [
            131.55857062339783,
            2232000,
            2190336,
            186
        ],
        [
            124.7224760055542,
            2064000,
            2025472,
            172
        ],
        [
            131.18322205543518,
            2232000,
            2190336,
            186
        ],
        [
            121.96043705940247,
            1968000,
            1931264,
            164
        ],
        [
            130.48528909683228,
            2244000,
            2202112,
            187
        ],
        [
            130.2371118068695,
            2232000,
            2190336,
            186
        ],
        [
            129.17528128623962,
            2184000,
            2143232,
            182
        ],
        [
            131.4698827266693,
            2292000,
            2249216,
            191
        ]
    ],
    "18": [
        [
            191.7060227394104,
            3144000,
            3085312,
            262
        ],
        [
            188.06258726119995,
            3120000,
            3061760,
            260
        ],
        [
            187.61292672157288,
            3120000,
            3061760,
            260
        ],
        [
            192.43799901008606,
            3288000,
            3226624,
            274
        ],
        [
            194.12862062454224,
            3324000,
            3261952,
            277
        ],
        [
            188.71416521072388,
            3108000,
            3049984,
            259
        ],
        [
            184.77547693252563,
            3012000,
            2955776,
            251
        ],
        [
            192.55723690986633,
            3228000,
            3167744,
            269
        ],
        [
            187.7857460975647,
            3120000,
            3061760,
            260
        ],
        [
            181.77469563484192,
            2928000,
            2873344,
            244
        ]
    ],
    "24": [
        [
            247.20331478118896,
            4140000,
            4062720,
            345
        ],
        [
            250.7881121635437,
            4236000,
            4156928,
            353
        ],
        [
            250.7813115119934,
            4284000,
            4204032,
            357
        ],
        [
            248.16770553588867,
            4164000,
            4086272,
            347
        ],
        [
            244.80186104774475,
            4032000,
            3956736,
            336
        ],
        [
            244.8181402683258,
            4080000,
            4003840,
            340
        ],
        [
            242.09936666488647,
            4008000,
            3933184,
            334
        ],
        [
            250.75814604759216,
            4164000,
            4086272,
            347
        ],
        [
            240.97300028800964,
            3996000,
            3921408,
            333
        ],
        [
            256.1381404399872,
            4416000,
            4333568,
            368
        ]
    ],
    "36": [
        [
            365.58408093452454,
            6072000,
            5958656,
            506
        ],
        [
            360.4068818092346,
            5952000,
            5840896,
            496
        ],
        [
            355.75028705596924,
            5856000,
            5746688,
            488
        ],
        [
            366.60796999931335,
            6204000,
            6088192,
            517
        ],
        [
            375.37621116638184,
            6360000,
            6241280,
            530
        ],
        [
            353.0168251991272,
            5760000,
            5652480,
            480
        ],
        [
            354.3867657184601,
            5724000,
            5617152,
            477
        ],
        [
            363.37495136260986,
            6024000,
            5911552,
            502
        ],
        [
            354.5686058998108,
            5844000,
            5734912,
            487
        ],
        [
            368.6550781726837,
            6252000,
            6135296,
            521
        ]
    ],
    "48": [
        [
            466.33588314056396,
            7620000,
            7477760,
            635
        ],
        [
            456.7536771297455,
            7452000,
            7312896,
            621
        ],
        [
            465.6781475543976,
            7668000,
            7524864,
            639
        ],
        [
            462.2369701862335,
            7440000,
            7301120,
            620
        ],
        [
            462.1205470561981,
            7596000,
            7454208,
            633
        ],
        [
            455.738214969635,
            7452000,
            7312896,
            621
        ],
        [
            459.2719075679779,
            7584000,
            7442432,
            632
        ],
        [
            460.5724160671234,
            7524000,
            7383552,
            627
        ],
        [
            454.00398659706116,
            7548000,
            7407104,
            629
        ],
        [
            451.1817262172699,
            7416000,
            7277568,
            618
        ]
    ],