{
    "6": [
        [
            8.976580381393433,
            322800000,
            316774400,
            53800
        ],
        [
            8.632920026779175,
            322752000,
            316727296,
            53792
        ],
        [
            8.669480800628662,
            322788000,
            316762624,
            53798
        ],
        [
            8.798676490783691,
            322752000,
            316727296,
            53792
        ],
        [
            8.491304636001587,
            322824000,
            316797952,
            53804
        ],
        [
            8.961116552352905,
            322764000,
            316739072,
            53794
        ],
        [
            8.665815591812134,
            322788000,
            316762624,
            53798
        ],
        [
            8.615028381347656,
            322788000,
            316762624,
            53798
        ],
        [
            8.549129009246826,
            322776000,
            316750848,
            53796
        ],
        [
            8.747969150543213,
            322788000,
            316762624,
            53798
        ]
    ],
    "9": [
        [
            12.23598313331604,
            467928000,
            459193344,
            77988
        ],
        [
            12.315614700317383,
            467952000,
            459216896,
            77992
        ],
        [
            12.703485250473022,
            467880000,
            459146240,
            77980
        ],
        [
            12.656457901000977,
            467916000,
            459181568,
            77986
        ],
        [
            12.384255170822144,
            468060000,
            459322880,
            78010
        ],
        [
            12.190080881118774,
            467940000,
            459205120,
            77990
        ],
        [
            12.237733125686646,
            468036000,
            459299328,
            78006
        ],
        [
            12.46169924736023,
            468048000,
            459311104,
            78008
        ],
        [
            12.294567823410034,
            467892000,
            459158016,
            77982
        ],
        [
            12.42006540298462,
            467976000,
            459240448,
            77996
        ]
    ],
    "12": [
        [
            15.64447569847107,
            602892000,
            591638016,
            100482
        ],
        [
            15.811427354812622,
            602652000,
            591402496,
            100442
        ],
        [
            15.807426929473877,
            602712000,
            591461376,
            100452
        ],
        [
            15.671340942382812,
            602820000,
            591567360,
            100470
        ],
        [
            16.005781650543213,
            602796000,
            591543808,
            100466
        ],
        [
            15.794336795806885,
            602820000,
            591567360,
            100470
        ],
        [
            16.46090030670166,
            602760000,
            591508480,
            100460
        ],
        [
            16.08351469039917,
            602832000,
            591579136,
            100472
        ],
        [
            16.307278871536255,
            602808000,
            591555584,
            100468
        ],
        [
            15.766574382781982,
            602664000,
            591414272,
            100444
        ]
    ],
    "18": [
        [
            22.094165086746216,
            850464000,
            834588672,
            141744
        ],
        [
            22.937661170959473,
            850584000,
            834706432,
            141764
        ],
        [
            22.540258646011353,
            850668000,
            834788864,
            141778
        ],
        [
            22.76590347290039,
            850644000,
            834765312,
            141774
        ],
        [
            23.01794409751892,
            850428000,
            834553344,
            141738
        ],
        [
            22.773861169815063,
            850512000,
            834635776,
            141752
        ],
        [
            22.82858395576477,
            850524000,
            834647552,
            141754
        ],
        [
            22.399548768997192,
            850500000,
            834624000,
            141750
        ],
        [
            22.9704909324646,
            850752000,
            834871296,
            141792
        ],
        [
            22.655845403671265,
            850320000,
            834447360,
            141720
        ]
    ],
    "24": [
        [
            28.212225437164307,
            1060848000,
            1041045504,
            176808
        ],
        [
            28.674938201904297,
            1061088000,
            1041281024,
            176848
        ],
        [
            27.697561740875244,
            1061268000,
            1041457664,
            176878
        ],
        [
            28.234589099884033,
            1061544000,
            1041728512,
            176924
        ],
        [
            28.12908434867859,
            1060944000,
            1041139712,
            176824
        ],
        [
            29.054239988327026,
            1061088000,
            1041281024,
            176848
        ],
        [
            27.85278344154358,
            1061232000,
            1041422336,
            176872
        ],
        [
            28.678415775299072,
            1061148000,
            1041339904,
            176858
        ],
        [
            28.24641513824463,
            1060812000,
            1041010176,
            176802
        ],
        [
            28.338256359100342,
            1060980000,
            1041175040,
            176830
        ]
    ],
    "36": [
        [
            38.840651750564575,
            1432356000,
            1405618688,
            238726
        ],
        [
            38.81726312637329,
            1431972000,
            1405241856,
            238662
        ],
        [
            39.62556338310242,
            1433016000,
            1406266368,
            238836
        ],
        [
            39.18564009666443,
            1432728000,
            1405983744,
            238788
        ],
        [
            39.07426047325134,
            1433112000,
            1406360576,
            238852
        ],
        [
            38.86993360519409,
            1432260000,
            1405524480,
            238710
        ],
        [
            39.06556415557861,
            1432932000,
            1406183936,
            238822
        ],
        [
            39.80613946914673,
            1432332000,
            1405595136,
            238722
        ],
        [
            39.65852165222168,
            1432992000,
            1406242816,
            238832
        ],
        [
            38.51742935180664,
            1432608000,
            1405865984,
            238768
        ]
    ],