{
    "6": [
        [
            0.11463117599487305,
            5376000,
            5275648,
            896
        ],
        [
            0.1394953727722168,
            5376000,
            5275648,
            896
        ],
        [
            0.13599014282226562,
            5376000,
            5275648,
            896
        ],
        [
            0.13032221794128418,
            5376000,
            5275648,
            896
        ],
        [
            0.1343235969543457,
            5376000,
            5275648,
            896
        ],
        [
            0.13350868225097656,
            5376000,
            5275648,
            896
        ],
        [
            0.13516473770141602,
            5376000,
            5275648,
            896
        ],
        [
            0.14090752601623535,
            5376000,
            5275648,
            896
        ],
        [
            0.15834450721740723,
            5364000,
            5263872,
            894
        ],
        [
            0.1378786563873291,
            5376000,
            5275648,
            896
        ]
    ],
    "9": [
        [
            0.1933422088623047,
            7800000,
            7654400,
            1300
        ],
        [
            0.21173834800720215,
            7788000,
            7642624,
            1298
        ],
        [
            0.2130892276763916,
            7776000,
            7630848,
            1296
        ],
        [
            0.1872544288635254,
            7800000,
            7654400,
            1300
        ],
        [
            0.18910932540893555,
            7800000,
            7654400,
            1300
        ],
        [
            0.18711137771606445,
            7788000,
            7642624,
            1298
        ],
        [
            0.19211125373840332,
            7800000,
            7654400,
            1300
        ],
        [
            0.17865419387817383,
            7800000,
            7654400,
            1300
        ],
        [
            0.17965435981750488,
            7776000,
            7630848,
            1296
        ],
        [
            0.21110796928405762,
            7776000,
            7630848,
            1296
        ]
    ],
    "12": [
        [
            0.29554176330566406,
            10056000,
            9868288,
            1676
        ],
        [
            0.32233619689941406,
            10044000,
            9856512,
            1674
        ],
        [
            0.25780248641967773,
            10044000,
            9856512,
            1674
        ],
        [
            0.26833653450012207,
            10056000,
            9868288,
            1676
        ],
        [
            0.2992525100708008,
            10044000,
            9856512,
            1674
        ],
        [
            0.26958274841308594,
            10056000,
            9868288,
            1676
        ],
        [
            0.28525280952453613,
            10020000,
            9832960,
            1670
        ],
        [
            0.2922093868255615,
            10032000,
            9844736,
            1672
        ],
        [
            0.29876017570495605,
            10044000,
            9856512,
            1674
        ],
        [
            0.2727665901184082,
            10044000,
            9856512,
            1674
        ]
    ],
    "18": [
        [
            0.42791271209716797,
            14184000,
            13919232,
            2364
        ],
        [
            0.40109944343566895,
            14148000,
            13883904,
            2358
        ],
        [
            0.3483600616455078,
            14196000,
            13931008,
            2366
        ],
        [
            0.4124312400817871,
            14148000,
            13883904,
            2358
        ],
        [
            0.41790199279785156,
            14136000,
            13872128,
            2356
        ],
        [
            0.41108226776123047,
            14184000,
            13919232,
            2364
        ],
        [
            0.3875236511230469,
            14196000,
            13931008,
            2366
        ],
        [
            0.34563469886779785,
            14184000,
            13919232,
            2364
        ],
        [
            0.3890831470489502,
            14148000,
            13883904,
            2358
        ],
        [
            0.43764638900756836,
            14172000,
            13907456,
            2362
        ]
    ],
    "24": [
        [
            0.47441697120666504,
            17628000,
            17298944,
            2938
        ],
        [
            0.42987847328186035,
            17700000,
            17369600,
            2950
        ],
        [
            0.5372443199157715,
            17712000,
            17381376,
            2952
        ],
        [
            0.4742851257324219,
            17652000,
            17322496,
            2942
        ],
        [
            0.45328474044799805,
            17736000,
            17404928,
            2956
        ],
        [
            0.4952850341796875,
            17700000,
            17369600,
            2950
        ],
        [
            0.5059266090393066,
            17748000,
            17416704,
            2958
        ],
        [
            0.4463186264038086,
            17628000,
            17298944,
            2938
        ],
        [
            0.4835209846496582,
            17640000,
            17310720,
            2940
        ],
        [
            0.5058789253234863,
            17676000,
            17346048,
            2946
        ]
    ],
    "36": [
        [
            0.5865459442138672,
            23832000,
            23387136,
            3972
        ],
        [
            0.5826625823974609,
            23892000,
            23446016,
            3982
        ],
        [
            0.6146628856658936,
            23892000,
            23446016,
            3982
        ],
        [
            0.6608633995056152,
            23856000,
            23410688,
            3976
        ],
        [
            0.6158311367034912,
            23844000,
            23398912,
            3974
        ],
        [
            0.6585359573364258,
            23832000,
            23387136,
            3972
        ],
        [
            0.6415450572967529,
            23952000,
            23504896,
            3992
        ],
        [
            0.6775460243225098,
            23844000,
            23398912,
            3974
        ],
        [
            0.6125452518463135,
            23808000,
            23363584,
            3968
        ],
        [
            0.6252689361572266,
            23772000,
            23328256,
            3962
        ]
    ],