{
    "6": [
        [
            0.6009199619293213,
            3828000,
            3756544,
            638
        ],
        [
            0.5969183444976807,
            3732000,
            3662336,
            622
        ],
        [
            0.5930066108703613,
            3744000,
            3674112,
            624
        ],
        [
            0.6245250701904297,
            3684000,
            3615232,
            614
        ],
        [
            0.613842248916626,
            3720000,
            3650560,
            620
        ],
        [
            0.5962405204772949,
            3816000,
            3744768,
            636
        ],
        [
            0.6076343059539795,
            3792000,
            3721216,
            632
        ],
        [
            0.575127124786377,
            3888000,
            3815424,
            648
        ],
        [
            0.549767255783081,
            3804000,
            3732992,
            634
        ],
        [
            0.5682196617126465,
            3840000,
            3768320,
            640
        ]
    ],
    "9": [
        [
            0.8680076599121094,
            5556000,
            5452288,
            926
        ],
        [
            0.8025941848754883,
            5616000,
            5511168,
            936
        ],
        [
            0.8890268802642822,
            5472000,
            5369856,
            912
        ],
        [
            0.8255875110626221,
            5664000,
            5558272,
            944
        ],
        [
            0.8205881118774414,
            5592000,
            5487616,
            932
        ],
        [
            0.8244538307189941,
            5448000,
            5346304,
            908
        ],
        [
            0.8710267543792725,
            5532000,
            5428736,
            922
        ],
        [
            0.8847970962524414,
            5664000,
            5558272,
            944
        ],
        [
            0.8372054100036621,
            5400000,
            5299200,
            900
        ],
        [
            0.8441567420959473,
            5832000,
            5723136,
            972
        ]
    ],
    "12": [
        [
            1.0648245811462402,
            7236000,
            7100928,
            1206
        ],
        [
            1.2093980312347412,
            7236000,
            7100928,
            1206
        ],
        [
            1.1809430122375488,
            7212000,
            7077376,
            1202
        ],
        [
            1.1022059917449951,
            7404000,
            7265792,
            1234
        ],
        [
            1.1763522624969482,
            7452000,
            7312896,
            1242
        ],
        [
            1.1246883869171143,
            7320000,
            7183360,
            1220
        ],
        [
            1.1801414489746094,
            7464000,
            7324672,
            1244
        ],
        [
            1.192835807800293,
            7380000,
            7242240,
            1230
        ],
        [
            1.1686773300170898,
            7380000,
            7242240,
            1230
        ],
        [
            1.2379066944122314,
            7356000,
            7218688,
            1226
        ]
    ],
    "18": [
        [
            1.7066409587860107,
            10872000,
            10669056,
            1812
        ],
        [
            1.6159591674804688,
            10692000,
            10492416,
            1782
        ],
        [
            1.7316617965698242,
            10908000,
            10704384,
            1818
        ],
        [
            1.719660758972168,
            10824000,
            10621952,
            1804
        ],
        [
            1.7006611824035645,
            10812000,
            10610176,
            1802
        ],
        [
            1.6211256980895996,
            10872000,
            10669056,
            1812
        ],
        [
            1.6400578022003174,
            10488000,
            10292224,
            1748
        ],
        [
            1.6739351749420166,
            10416000,
            10221568,
            1736
        ],
        [
            1.6197130680084229,
            10656000,
            10457088,
            1776
        ],
        [
            1.6501784324645996,
            10752000,
            10551296,
            1792
        ]
    ],
    "24": [
        [
            2.2157199382781982,
            13872000,
            13613056,
            2312
        ],
        [
            2.1046838760375977,
            13812000,
            13554176,
            2302
        ],
        [
            2.130491256713867,
            13812000,
            13554176,
            2302
        ],
        [
            2.2404956817626953,
            13848000,
            13589504,
            2308
        ],
        [
            1.9917798042297363,
            13680000,
            13424640,
            2280
        ],
        [
            2.039189577102661,
            13440000,
            13189120,
            2240
        ],
        [
            2.109710931777954,
            14040000,
            13777920,
            2340
        ],
        [
            2.0927107334136963,
            13752000,
            13495296,
            2292
        ],
        [
            2.0881764888763428,
            13728000,
            13471744,
            2288
        ],
        [
            2.051175594329834,
            13920000,
            13660160,
            2320
        ]
    ],
    "36": [
        [
            3.1311442852020264,
            18936000,
            18582528,
            3156
        ],
        [
            2.9546988010406494,
            19380000,
            19018240,
            3230
        ],
        [
            2.9332709312438965,
            19404000,
            19041792,
            3234
        ],
        [
            2.92222261428833,
            19476000,
            19112448,
            3246
        ],
        [
            2.864712953567505,
            19596000,
            19230208,
            3266
        ],
        [
            2.7145421504974365,
            19368000,
            19006464,
            3228
        ],
        [
            3.063255548477173,
            19392000,
            19030016,
            3232
        ],
        [
            2.9253897666931152,
            19140000,
            18782720,
            3190
        ],
        [
            3.0187864303588867,
            19284000,
            18924032,
            3214
        ],
        [
            2.8174197673797607,
            19296000,
            18935808,
            3216
        ]
    ],