{
    "6": [
        [
            19.6826593875885,
            30588000,
            30017024,
            5098
        ]
    ],
    "9": [
        [
            28.650058269500732,
            45936000,
            45078528,
            7656
        ]
    ],
    "12": [
        [
            37.210524559020996,
            60888000,
            59751424,
            10148
        ]
    ],
    "18": [
        [
            52.01287007331848,
            87576000,
            85941248,
            14596
        ]
    ],
    "24": [
        [
            64.20757269859314,
            111912000,
            109822976,
            18652
        ]
    ],
    "36": [
        [
            84.59680962562561,
            158376000,
            155419648,
            26396
        ]
    ],
    "48": [
        [
            103.40842485427856,
            198240000,
            194539520,
            33040
        ]
    ],
    "54": [
        [
            113.23273205757141,
            217032000,
            212980736,
            36172
        ]
    ]
}