{
    "6": [
        [
            0.32737255096435547,
            4344000,
            4262912,
            724
        ],
        [
            0.33609604835510254,
            4200000,
            4121600,
            700
        ],
        [
            0.3374338150024414,
            4248000,
            4168704,
            708
        ],
        [
            0.3134500980377197,
            4152000,
            4074496,
            692
        ],
        [
            0.3204331398010254,
            4224000,
            4145152,
            704
        ],
        [
            0.31543397903442383,
            4200000,
            4121600,
            700
        ],
        [
            0.3236849308013916,
            4344000,
            4262912,
            724
        ],
        [
            0.2994539737701416,
            4236000,
            4156928,
            706
        ],
        [
            0.33445262908935547,
            4308000,
            4227584,
            718
        ],
        [
            0.32129597663879395,
            4212000,
            4133376,
            702
        ]
    ],
    "9": [
        [
            0.49544620513916016,
            6468000,
            6347264,
            1078
        ],
        [
            0.4999537467956543,
            6348000,
            6229504,
            1058
        ],
        [
            0.5559544563293457,
            6240000,
            6123520,
            1040
        ],
        [
            0.48192262649536133,
            6408000,
            6288384,
            1068
        ],
        [
            0.4739205837249756,
            6228000,
            6111744,
            1038
        ],
        [
            0.48430657386779785,
            6324000,
            6205952,
            1054
        ],
        [
            0.5041475296020508,
            6384000,
            6264832,
            1064
        ],
        [
            0.4766230583190918,
            6312000,
            6194176,
            1052
        ],
        [
            0.5514121055603027,
            6300000,
            6182400,
            1050
        ],
        [
            0.46742725372314453,
            6192000,
            6076416,
            1032
        ]
    ],
    "12": [
        [
            0.6803445816040039,
            8268000,
            8113664,
            1378
        ],
        [
            0.5935308933258057,
            8136000,
            7984128,
            1356
        ],
        [
            0.6508889198303223,
            8148000,
            7995904,
            1358
        ],
        [
            0.6582045555114746,
            8220000,
            8066560,
            1370
        ],
        [
            0.6856133937835693,
            8244000,
            8090112,
            1374
        ],
        [
            0.6420736312866211,
            8196000,
            8043008,
            1366
        ],
        [
            0.7102980613708496,
            8160000,
            8007680,
            1360
        ],
        [
            0.6135785579681396,
            8268000,
            8113664,
            1378
        ],
        [
            0.7006964683532715,
            8448000,
            8290304,
            1408
        ],
        [
            0.6405797004699707,
            8052000,
            7901696,
            1342
        ]
    ],
    "18": [
        [
            1.0826594829559326,
            11820000,
            11599360,
            1970
        ],
        [
            0.9398412704467773,
            11832000,
            11611136,
            1972
        ],
        [
            0.9329676628112793,
            11892000,
            11670016,
            1982
        ],
        [
            0.9787170886993408,
            11844000,
            11622912,
            1974
        ],
        [
            0.8834705352783203,
            11724000,
            11505152,
            1954
        ],
        [
            0.9649147987365723,
            11892000,
            11670016,
            1982
        ],
        [
            0.8734726905822754,
            11832000,
            11611136,
            1972
        ],
        [
            0.9408771991729736,
            11976000,
            11752448,
            1996
        ],
        [
            0.9376146793365479,
            11844000,
            11622912,
            1974
        ],
        [
            0.858098030090332,
            11940000,
            11717120,
            1990
        ]
    ],
    "24": [
        [
            1.1166610717773438,
            15204000,
            14920192,
            2534
        ],
        [
            1.092660665512085,
            15036000,
            14755328,
            2506
        ],
        [
            1.1356377601623535,
            15048000,
            14767104,
            2508
        ],
        [
            1.2034263610839844,
            15084000,
            14802432,
            2514
        ],
        [
            1.177962064743042,
            14784000,
            14508032,
            2464
        ],
        [
            1.2051613330841064,
            15216000,
            14931968,
            2536
        ],
        [
            1.4103467464447021,
            14892000,
            14614016,
            2482
        ],
        [
            1.0842499732971191,
            15060000,
            14778880,
            2510
        ],
        [
            1.174452304840088,
            15084000,
            14802432,
            2514
        ],
        [
            1.1016161441802979,
            15180000,
            14896640,
            2530
        ]
    ],
    "36": [
        [
            1.6188075542449951,
            21228000,
            20831744,
            3538
        ],
        [
            1.6259257793426514,
            21228000,
            20831744,
            3538
        ],
        [
            1.6507704257965088,
            20892000,
            20502016,
            3482
        ],
        [
            1.5456383228302002,
            20952000,
            20560896,
            3492
        ],
        [
            1.6085567474365234,
            21276000,
            20878848,
            3546
        ],
        [
            1.7301137447357178,
            21240000,
            20843520,
            3540
        ],
        [
            1.699340581893921,
            21144000,
            20749312,
            3524
        ],
        [
            1.733130931854248,
            21276000,
            20878848,
            3546
        ],
        [
            1.7804334163665771,
            21276000,
            20878848,
            3546
        ],
        [
            1.6253268718719482,
            21300000,
            20902400,
            3550
        ]
    ],