{
    "6": [
        [
            4.063660383224487,
            2256000,
            2213888,
            376
        ],
        [
            3.935344934463501,
            2328000,
            2284544,
            388
        ],
        [
            3.833405017852783,
            2328000,
            2284544,
            388
        ],
        [
            3.87496280670166,
            2364000,
            2319872,
            394
        ],
        [
            3.9389686584472656,
            2328000,
            2284544,
            388
        ],
        [
            4.015017747879028,
            2256000,
            2213888,
            376
        ],
        [
            3.9386889934539795,
            2340000,
            2296320,
            390
        ],
        [
            4.023524045944214,
            2340000,
            2296320,
            390
        ],
        [
            3.908914089202881,
            2304000,
            2260992,
            384
        ],
        [
            3.6122806072235107,
            2292000,
            2249216,
            382
        ]
    ],
    "9": [
        [
            5.5890092849731445,
            3960000,
            3886080,
            660
        ],
        [
            6.024169206619263,
            3804000,
            3732992,
            634
        ],
        [
            6.225261211395264,
            3828000,
            3756544,
            638
        ],
        [
            5.7467360496521,
            3648000,
            3579904,
            608
        ],
        [
            5.742925405502319,
            3744000,
            3674112,
            624
        ],
        [
            5.532360315322876,
            3648000,
            3579904,
            608
        ],
        [
            5.851927042007446,
            3768000,
            3697664,
            628
        ],
        [
            5.491343975067139,
            3612000,
            3544576,
            602
        ],
        [
            5.72205114364624,
            3684000,
            3615232,
            614
        ],
        [
            5.85917329788208,
            3672000,
            3603456,
            612
        ]
    ],
    "12": [
        [
            7.952605724334717,
            5088000,
            4993024,
            848
        ],
        [
            8.095173597335815,
            5148000,
            5051904,
            858
        ],
        [
            8.07005262374878,
            5112000,
            5016576,
            852
        ],
        [
            8.162652492523193,
            5064000,
            4969472,
            844
        ],
        [
            8.462701082229614,
            5256000,
            5157888,
            876
        ],
        [
            7.96612548828125,
            5172000,
            5075456,
            862
        ],
        [
            8.346938848495483,
            4956000,
            4863488,
            826
        ],
        [
            8.76461935043335,
            5064000,
            4969472,
            844
        ],
        [
            8.660766839981079,
            5052000,
            4957696,
            842
        ],
        [
            8.88369345664978,
            5040000,
            4945920,
            840
        ]
    ],
    "18": [
        [
            12.643565654754639,
            7524000,
            7383552,
            1254
        ],
        [
            13.064793586730957,
            7656000,
            7513088,
            1276
        ],
        [
            13.363662242889404,
            7644000,
            7501312,
            1274
        ],
        [
            12.740383386611938,
            7896000,
            7748608,
            1316
        ],
        [
            12.662845134735107,
            7956000,
            7807488,
            1326
        ],
        [
            13.557008028030396,
            7620000,
            7477760,
            1270
        ],
        [
            13.089510679244995,
            7704000,
            7560192,
            1284
        ],
        [
            12.693480730056763,
            7812000,
            7666176,
            1302
        ],
        [
            12.97182846069336,
            7632000,
            7489536,
            1272
        ],
        [
            13.277306079864502,
            7752000,
            7607296,
            1292
        ]
    ],
    "24": [
        [
            16.57554268836975,
            9708000,
            9526784,
            1618
        ],
        [
            16.829548120498657,
            10068000,
            9880064,
            1678
        ],
        [
            17.049150466918945,
            10176000,
            9986048,
            1696
        ],
        [
            16.67294478416443,
            10332000,
            10139136,
            1722
        ],
        [
            16.041577100753784,
            10092000,
            9903616,
            1682
        ],
        [
            16.53061580657959,
            10188000,
            9997824,
            1698
        ],
        [
            15.87630844116211,
            10344000,
            10150912,
            1724
        ],
        [
            17.012370109558105,
            9984000,
            9797632,
            1664
        ],
        [
            16.437820196151733,
            10260000,
            10068480,
            1710
        ],
        [
            16.79582166671753,
            10128000,
            9938944,
            1688
        ]
    ],
    "36": [
        [
            23.77173161506653,
            14316000,
            14048768,
            2386
        ],
        [
            23.080745697021484,
            14280000,
            14013440,
            2380
        ],
        [
            23.423019409179688,
            14472000,
            14201856,
            2412
        ],
        [
            23.201869249343872,
            14196000,
            13931008,
            2366
        ],
        [
            23.48128342628479,
            14316000,
            14048768,
            2386
        ],
        [
            24.357726335525513,
            14664000,
            14390272,
            2444
        ],
        [
            23.53900170326233,
            14412000,
            14142976,
            2402
        ],
        [
            23.704481601715088,
            14496000,
            14225408,
            2416
        ],
        [
            24.026212453842163,
            14532000,
            14260736,
            2422
        ],
        [
            24.12379479408264,
            14568000,
            14296064,
            2428
        ]
    ],
    "48": [
        [
            28.613778352737427,
            18552000,
            18205696,
            3092
        ],
        [
            29.73941946029663,
            18216000,
            17875968,
            3036
        ],
        [
            29.947256565093994,
            18024000,
            17687552,
            3004
        ],
        [
            30.08971881866455,
            18276000,
            17934848,
            3046
        ],
        [
            29.595973014831543,
            18036000,
            17699328,
            3006
        ],
        [
            30.07275676727295,
            18264000,
            17923072,
            3044
        ],
        [
            29.4494686126709,
            18060000,
            17722880,
            3010
        ],
        [
            28.77231454849243,
            18156000,
            17817088,
            3026
        ],
        [
            28.674901008605957,
            18048000,
            17711104,
            3008
        ],
        [
            28.55020499229431,
            18456000,
            18111488,
            3076
        ]
    ],