{
    "6": [
        [
            4.705321550369263,
            39660000,
            38919680,
            6610
        ]
    ],
    "9": [
        [
            6.822436332702637,
            57864000,
            56783872,
            9644
        ]
    ],
    "12": [
        [
            8.672018766403198,
            75588000,
            74177024,
            12598
        ]
    ],
    "18": [
        [
            12.191849946975708,
            109392000,
            107350016,
            18232
        ]
    ],
    "24": [
        [
            14.30016279220581,
            139692000,
            137084416,
            23282
        ]
    ],
    "36": [
        [
            18.81860113143921,
            195684000,
            192031232,
            32614
        ]
    ],
    "48": [
        [
            22.136497259140015,
            240720000,
            236226560,
            40120
        ]
    ],
    "54": [
        [
            23.819063425064087,
            265284000,
            260332032,
            44214
        ]
    ]
}