{
    "6": [
        [
            3.1419036388397217,
            2364000,
            2319872,
            394
        ],
        [
            3.1644442081451416,
            2412000,
            2366976,
            402
        ],
        [
            3.214982748031616,
            2340000,
            2296320,
            390
        ],
        [
            3.330029010772705,
            2484000,
            2437632,
            414
        ],
        [
            3.4473042488098145,
            2364000,
            2319872,
            394
        ],
        [
            3.2992970943450928,
            2412000,
            2366976,
            402
        ],
        [
            3.3397185802459717,
            2460000,
            2414080,
            410
        ],
        [
            3.4392685890197754,
            2616000,
            2567168,
            436
        ],
        [
            3.2662675380706787,
            2376000,
            2331648,
            396
        ],
        [
            3.505601644515991,
            2520000,
            2472960,
            420
        ]
    ],
    "9": [
        [
            5.224393129348755,
            3972000,
            3897856,
            662
        ],
        [
            5.281087636947632,
            3924000,
            3850752,
            654
        ],
        [
            5.239881992340088,
            3960000,
            3886080,
            660
        ],
        [
            5.178911447525024,
            3852000,
            3780096,
            642
        ],
        [
            5.231427431106567,
            3864000,
            3791872,
            644
        ],
        [
            4.931593894958496,
            3744000,
            3674112,
            624
        ],
        [
            5.180020332336426,
            3804000,
            3732992,
            634
        ],
        [
            5.11513614654541,
            3768000,
            3697664,
            628
        ],
        [
            4.8882200717926025,
            3828000,
            3756544,
            638
        ],
        [
            4.990695953369141,
            3804000,
            3732992,
            634
        ]
    ],
    "12": [
        [
            6.96250581741333,
            5340000,
            5240320,
            890
        ],
        [
            6.552018404006958,
            5232000,
            5134336,
            872
        ],
        [
            6.622154235839844,
            5232000,
            5134336,
            872
        ],
        [
            6.761846542358398,
            5256000,
            5157888,
            876
        ],
        [
            7.295262098312378,
            5244000,
            5146112,
            874
        ],
        [
            6.622260570526123,
            5292000,
            5193216,
            882
        ],
        [
            6.280720472335815,
            5316000,
            5216768,
            886
        ],
        [
            6.805659055709839,
            5292000,
            5193216,
            882
        ],
        [
            6.69990611076355,
            5268000,
            5169664,
            878
        ],
        [
            6.7234063148498535,
            5424000,
            5322752,
            904
        ]
    ],
    "18": [
        [
            10.27986216545105,
            7836000,
            7689728,
            1306
        ],
        [
            10.727090120315552,
            8184000,
            8031232,
            1364
        ],
        [
            10.099762201309204,
            7956000,
            7807488,
            1326
        ],
        [
            9.852470636367798,
            7776000,
            7630848,
            1296
        ],
        [
            9.907227039337158,
            7980000,
            7831040,
            1330
        ],
        [
            9.901394367218018,
            7764000,
            7619072,
            1294
        ],
        [
            10.165114402770996,
            8112000,
            7960576,
            1352
        ],
        [
            10.366328954696655,
            7968000,
            7819264,
            1328
        ],
        [
            10.246902704238892,
            8088000,
            7937024,
            1348
        ],
        [
            10.034930944442749,
            7860000,
            7713280,
            1310
        ]
    ],
    "24": [
        [
            13.32252311706543,
            10428000,
            10233344,
            1738
        ],
        [
            12.633321046829224,
            10272000,
            10080256,
            1712
        ],
        [
            13.276370525360107,
            10332000,
            10139136,
            1722
        ],
        [
            13.167013883590698,
            10380000,
            10186240,
            1730
        ],
        [
            13.382272481918335,
            10404000,
            10209792,
            1734
        ],
        [
            13.091801643371582,
            10128000,
            9938944,
            1688
        ],
        [
            12.63578176498413,
            10080000,
            9891840,
            1680
        ],
        [
            12.887238025665283,
            10440000,
            10245120,
            1740
        ],
        [
            13.326062202453613,
            10512000,
            10315776,
            1752
        ],
        [
            12.893433332443237,
            10308000,
            10115584,
            1718
        ]
    ],
    "36": [
        [
            18.210238933563232,
            14760000,
            14484480,
            2460
        ],
        [
            18.84127116203308,
            14952000,
            14672896,
            2492
        ],
        [
            18.041175842285156,
            14508000,
            14237184,
            2418
        ],
        [
            18.46341896057129,
            15024000,
            14743552,
            2504
        ],
        [
            18.364590644836426,
            15096000,
            14814208,
            2516
        ],
        [
            18.565706968307495,
            14892000,
            14614016,
            2482
        ],
        [
            18.915889263153076,
            14856000,
            14578688,
            2476
        ],
        [
            19.13448143005371,
            15060000,
            14778880,
            2510
        ],
        [
            19.13192892074585,
            15096000,
            14814208,
            2516
        ],
        [
            18.793572664260864,
            14904000,
            14625792,
            2484
        ]
    ],
    "48": [
        [
            23.64595890045166,
            18576000,
            18229248,
            3096
        ],
        [
            24.268352031707764,
            18804000,
            18452992,
            3134
        ],
        [
            24.197345495224,
            18468000,
            18123264,
            3078
        ],
        [
            23.1881263256073,
            18804000,
            18452992,
            3134
        ],
        [
            24.116031169891357,
            18684000,
            18335232,
            3114
        ],
        [
            23.602665424346924,
            18744000,
            18394112,
            3124
        ],
        [
            23.2660915851593,
            18804000,
            18452992,
            3134
        ],
        [
            22.741087913513184,
            18480000,
            18135040,
            3080
        ],
        [
            22.542473077774048,
            18780000,
            18429440,
            3130
        ],
        [
            22.766725063323975,
            18588000,
            18241024,
            3098
        ]
    ],