{
    "6": [
        [
            22.801363706588745,
            2880000,
            2826240,
            240
        ],
        [
            24.38990020751953,
            3000000,
            2944000,
            250
        ],
        [
            23.53733801841736,
            2904000,
            2849792,
            242
        ],
        [
            23.346721649169922,
            2880000,
            2826240,
            240
        ],
        [
            23.355958938598633,
            2904000,
            2849792,
            242
        ],
        [
            23.700637578964233,
            2964000,
            2908672,
            247
        ],
        [
            23.394567489624023,
            2916000,
            2861568,
            243
        ],
        [
            21.126049041748047,
            2640000,
            2590720,
            220
        ],
        [
            24.463595390319824,
            3012000,
            2955776,
            251
        ],
        [
            22.730417490005493,
            2808000,
            2755584,
            234
        ]
    ],
    "9": [
        [
            42.50928211212158,
            4236000,
            4156928,
            353
        ],
        [
            37.4676513671875,
            4296000,
            4215808,
            358
        ],
        [
            39.02200770378113,
            4368000,
            4286464,
            364
        ],
        [
            37.4066379070282,
            4236000,
            4156928,
            353
        ],
        [
            37.43164348602295,
            4224000,
            4145152,
            352
        ],
        [
            39.16386604309082,
            4428000,
            4345344,
            369
        ],
        [
            37.06564164161682,
            4260000,
            4180480,
            355
        ],
        [
            36.95324397087097,
            4272000,
            4192256,
            356
        ],
        [
            39.049068450927734,
            4464000,
            4380672,
            372
        ],
        [
            38.87102746963501,
            4440000,
            4357120,
            370
        ]
    ],
    "12": [
        [
            52.730233669281006,
            5616000,
            5511168,
            468
        ],
        [
            53.36837983131409,
            5628000,
            5522944,
            469
        ],
        [
            52.70723009109497,
            5544000,
            5440512,
            462
        ],
        [
            50.907514810562134,
            5460000,
            5358080,
            455
        ],
        [
            54.37226891517639,
            5784000,
            5676032,
            482
        ],
        [
            54.89612364768982,
            5796000,
            5687808,
            483
        ],
        [
            51.66520810127258,
            5556000,
            5452288,
            463
        ],
        [
            52.13616704940796,
            5556000,
            5452288,
            463
        ],
        [
            51.02005910873413,
            5496000,
            5393408,
            458
        ],
        [
            51.72407269477844,
            5532000,
            5428736,
            461
        ]
    ],
    "18": [
        [
            85.7286388874054,
            8004000,
            7854592,
            667
        ],
        [
            104.58748841285706,
            8112000,
            7960576,
            676
        ],
        [
            87.27347230911255,
            8052000,
            7901696,
            671
        ],
        [
            83.69232845306396,
            7908000,
            7760384,
            659
        ],
        [
            88.78954744338989,
            8220000,
            8066560,
            685
        ],
        [
            86.11746788024902,
            8028000,
            7878144,
            669
        ],
        [
            86.89747023582458,
            8112000,
            7960576,
            676
        ],
        [
            88.43459558486938,
            8148000,
            7995904,
            679
        ],
        [
            93.37970495223999,
            8508000,
            8349184,
            709
        ],
        [
            88.7374656200409,
            8208000,
            8054784,
            684
        ]
    ],
    "24": [
        [
            128.92876195907593,
            10692000,
            10492416,
            891
        ],
        [
            124.37198805809021,
            10404000,
            10209792,
            867
        ],
        [
            127.58551144599915,
            10548000,
            10351104,
            879
        ],
        [
            124.11595106124878,
            10404000,
            10209792,
            867
        ],
        [
            124.52495980262756,
            10356000,
            10162688,
            863
        ],
        [
            123.77678775787354,
            10380000,
            10186240,
            865
        ],
        [
            122.37487959861755,
            10320000,
            10127360,
            860
        ],
        [
            127.13870024681091,
            10608000,
            10409984,
            884
        ],
        [
            125.8252546787262,
            10452000,
            10256896,
            871
        ],
        [
            126.82073903083801,
            10536000,
            10339328,
            878
        ]
    ],
    "36": [
        [
            253.5883810520172,
            14664000,
            14390272,
            1222
        ],
        [
            208.73510074615479,
            14724000,
            14449152,
            1227
        ],
        [
            207.4033236503601,
            14628000,
            14354944,
            1219
        ],
        [
            210.55101561546326,
            14724000,
            14449152,
            1227
        ],
        [
            209.97708439826965,
            14676000,
            14402048,
            1223
        ],
        [
            215.79633355140686,
            14988000,
            14708224,
            1249
        ],
        [
            206.65169978141785,
            14604000,
            14331392,
            1217
        ],
        [
            209.71490907669067,
            14844000,
            14566912,
            1237
        ],
        [
            207.99400424957275,
            14724000,
            14449152,
            1227
        ],
        [
            211.59438967704773,
            14832000,
            14555136,
            1236
        ]
    ],
    "48": [
        [
            303.3338882923126,
            18540000,
            18193920,
            1545
        ],
        [
            300.4755537509918,
            18564000,
            18217472,
            1547
        ],
        [
            294.8918776512146,
            18336000,
            17993728,
            1528
        ],
        [
            294.7753779888153,
            18360000,
            18017280,
            1530
        ],
        [
            298.4330244064331,
            18420000,
            18076160,
            1535
        ],
        [
            299.87717461586,
            18444000,
            18099712,
            1537
        ],
        [
            288.9899079799652,
            18372000,
            18029056,
            1531
        ],
        [
            286.6917927265167,
            18408000,
            18064384,
            1534
        ],
        [
            288.8726329803467,
            18396000,
            18052608,
            1533
        ],
        [
            289.11142659187317,
            18372000,
            18029056,
            1531
        ]
    ],