{
    "6": [
        [
            1.1008312702178955,
            3252000,
            3191296,
            542
        ],
        [
            1.165841817855835,
            3180000,
            3120640,
            530
        ],
        [
            1.1405937671661377,
            3228000,
            3167744,
            538
        ],
        [
            1.0929007530212402,
            3204000,
            3144192,
            534
        ],
        [
            1.1068718433380127,
            3180000,
            3120640,
            530
        ],
        [
            1.1091187000274658,
            3228000,
            3167744,
            538
        ],
        [
            1.0956063270568848,
            3168000,
            3108864,
            528
        ],
        [
            1.1353669166564941,
            3276000,
            3214848,
            546
        ],
        [
            1.1216950416564941,
            3216000,
            3155968,
            536
        ],
        [
            1.228430986404419,
            3204000,
            3144192,
            534
        ]
    ],
    "9": [
        [
            1.7364521026611328,
            4968000,
            4875264,
            828
        ],
        [
            1.7391371726989746,
            4848000,
            4757504,
            808
        ],
        [
            1.8397831916809082,
            4704000,
            4616192,
            784
        ],
        [
            1.7958059310913086,
            4908000,
            4816384,
            818
        ],
        [
            1.7926061153411865,
            4932000,
            4839936,
            822
        ],
        [
            1.930849552154541,
            4896000,
            4804608,
            816
        ],
        [
            1.72650146484375,
            4932000,
            4839936,
            822
        ],
        [
            1.8916661739349365,
            5028000,
            4934144,
            838
        ],
        [
            1.7744884490966797,
            4776000,
            4686848,
            796
        ],
        [
            1.8235304355621338,
            4800000,
            4710400,
            800
        ]
    ],
    "12": [
        [
            2.45350980758667,
            6396000,
            6276608,
            1066
        ],
        [
            2.3919484615325928,
            6576000,
            6453248,
            1096
        ],
        [
            2.4388418197631836,
            6552000,
            6429696,
            1092
        ],
        [
            2.489049196243286,
            6408000,
            6288384,
            1068
        ],
        [
            2.224492073059082,
            6468000,
            6347264,
            1078
        ],
        [
            2.468479633331299,
            6504000,
            6382592,
            1084
        ],
        [
            2.3091821670532227,
            6264000,
            6147072,
            1044
        ],
        [
            2.334256887435913,
            6552000,
            6429696,
            1092
        ],
        [
            2.40934157371521,
            6456000,
            6335488,
            1076
        ],
        [
            2.178877353668213,
            6360000,
            6241280,
            1060
        ]
    ],
    "18": [
        [
            3.2446134090423584,
            9288000,
            9114624,
            1548
        ],
        [
            3.207078218460083,
            9684000,
            9503232,
            1614
        ],
        [
            3.2570767402648926,
            9576000,
            9397248,
            1596
        ],
        [
            3.3567328453063965,
            9720000,
            9538560,
            1620
        ],
        [
            3.3647332191467285,
            9384000,
            9208832,
            1564
        ],
        [
            3.2358171939849854,
            9480000,
            9303040,
            1580
        ],
        [
            3.2264339923858643,
            9300000,
            9126400,
            1550
        ],
        [
            3.314724922180176,
            9372000,
            9197056,
            1562
        ],
        [
            3.202075481414795,
            9492000,
            9314816,
            1582
        ],
        [
            3.3873322010040283,
            9636000,
            9456128,
            1606
        ]
    ],
    "24": [
        [
            4.293986558914185,
            12492000,
            12258816,
            2082
        ],
        [
            4.385690927505493,
            12120000,
            11893760,
            2020
        ],
        [
            4.256660223007202,
            12444000,
            12211712,
            2074
        ],
        [
            4.317483901977539,
            12408000,
            12176384,
            2068
        ],
        [
            4.2373366355896,
            12324000,
            12093952,
            2054
        ],
        [
            4.432336807250977,
            12372000,
            12141056,
            2062
        ],
        [
            4.1926233768463135,
            12084000,
            11858432,
            2014
        ],
        [
            4.403306245803833,
            12624000,
            12388352,
            2104
        ],
        [
            4.332191467285156,
            12432000,
            12199936,
            2072
        ],
        [
            3.9743731021881104,
            12228000,
            11999744,
            2038
        ]
    ],
    "36": [
        [
            6.002489805221558,
            17460000,
            17134080,
            2910
        ],
        [
            5.812044382095337,
            17388000,
            17063424,
            2898
        ],
        [
            5.8852880001068115,
            17268000,
            16945664,
            2878
        ],
        [
            5.8085036277771,
            17232000,
            16910336,
            2872
        ],
        [
            6.080548048019409,
            17076000,
            16757248,
            2846
        ],
        [
            5.764554262161255,
            17304000,
            16980992,
            2884
        ],
        [
            5.9749205112457275,
            17520000,
            17192960,
            2920
        ],
        [
            5.9199607372283936,
            16920000,
            16604160,
            2820
        ],
        [
            6.006129741668701,
            17340000,
            17016320,
            2890
        ],
        [
            5.923075914382935,
            17460000,
            17134080,
            2910
        ]
    ],
    "48": [
        [
            7.20647120475769,
            21684000,
            21279232,
            3614
        ],
        [
            7.4666876792907715,
            21876000,
            21467648,
            3646
        ],
        [
            7.251699447631836,
            21744000,
            21338112,
            3624
        ],
        [
            7.4772796630859375,
            21864000,
            21455872,
            3644
        ],
        [
            7.455758333206177,
            21588000,
            21185024,
            3598
        ],
        [
            7.387707710266113,
            21684000,
            21279232,
            3614
        ],
        [
            7.217034578323364,
            21624000,
            21220352,
            3604
        ],
        [
            7.349277496337891,
            21516000,
            21114368,
            3586
        ],
        [
            7.246169567108154,
            21576000,
            21173248,
            3596
        ],
        [
            7.16695237159729,
            21876000,
            21467648,
            3646
        ]
    ],