{
    "6": [
        [
            2.0843803882598877,
            2664000,
            2614272,
            444
        ],
        [
            2.183379888534546,
            2676000,
            2626048,
            446
        ],
        [
            2.0698654651641846,
            2784000,
            2732032,
            464
        ],
        [
            2.261380195617676,
            2676000,
            2626048,
            446
        ],
        [
            2.5141091346740723,
            2652000,
            2602496,
            442
        ],
        [
            2.2741713523864746,
            2628000,
            2578944,
            438
        ],
        [
            2.2822632789611816,
            2556000,
            2508288,
            426
        ],
        [
            2.4642746448516846,
            2652000,
            2602496,
            442
        ],
        [
            2.385869264602661,
            2592000,
            2543616,
            432
        ],
        [
            2.5571064949035645,
            2700000,
            2649600,
            450
        ]
    ],
    "9": [
        [
            3.6461167335510254,
            4128000,
            4050944,
            688
        ],
        [
            3.711106300354004,
            4188000,
            4109824,
            698
        ],
        [
            3.458798408508301,
            4104000,
            4027392,
            684
        ],
        [
            3.974827766418457,
            4164000,
            4086272,
            694
        ],
        [
            3.6748201847076416,
            4092000,
            4015616,
            682
        ],
        [
            3.6594295501708984,
            4248000,
            4168704,
            708
        ],
        [
            4.155993223190308,
            4152000,
            4074496,
            692
        ],
        [
            3.7224345207214355,
            4296000,
            4215808,
            716
        ],
        [
            3.932922840118408,
            4116000,
            4039168,
            686
        ],
        [
            3.808039665222168,
            4212000,
            4133376,
            702
        ]
    ],
    "12": [
        [
            4.871362686157227,
            5844000,
            5734912,
            974
        ],
        [
            5.161503314971924,
            5688000,
            5581824,
            948
        ],
        [
            4.797173738479614,
            5676000,
            5570048,
            946
        ],
        [
            4.7293901443481445,
            5724000,
            5617152,
            954
        ],
        [
            4.863352060317993,
            5568000,
            5464064,
            928
        ],
        [
            5.0300867557525635,
            5520000,
            5416960,
            920
        ],
        [
            4.738104343414307,
            5616000,
            5511168,
            936
        ],
        [
            5.334471702575684,
            5796000,
            5687808,
            966
        ],
        [
            4.806999206542969,
            5796000,
            5687808,
            966
        ],
        [
            4.892266750335693,
            5652000,
            5546496,
            942
        ]
    ],
    "18": [
        [
            7.502452611923218,
            8424000,
            8266752,
            1404
        ],
        [
            7.8746490478515625,
            8340000,
            8184320,
            1390
        ],
        [
            7.278893947601318,
            8328000,
            8172544,
            1388
        ],
        [
            7.597655296325684,
            8676000,
            8514048,
            1446
        ],
        [
            7.245965242385864,
            8412000,
            8254976,
            1402
        ],
        [
            7.416871547698975,
            8328000,
            8172544,
            1388
        ],
        [
            7.3139564990997314,
            8340000,
            8184320,
            1390
        ],
        [
            7.460564613342285,
            8388000,
            8231424,
            1398
        ],
        [
            7.97034215927124,
            8532000,
            8372736,
            1422
        ],
        [
            7.212003946304321,
            8592000,
            8431616,
            1432
        ]
    ],
    "24": [
        [
            10.012672424316406,
            11052000,
            10845696,
            1842
        ],
        [
            10.210985660552979,
            10980000,
            10775040,
            1830
        ],
        [
            9.643244981765747,
            10896000,
            10692608,
            1816
        ],
        [
            9.86025619506836,
            10860000,
            10657280,
            1810
        ],
        [
            10.381577730178833,
            10836000,
            10633728,
            1806
        ],
        [
            9.889521837234497,
            10884000,
            10680832,
            1814
        ],
        [
            10.139315128326416,
            10860000,
            10657280,
            1810
        ],
        [
            9.943691730499268,
            10896000,
            10692608,
            1816
        ],
        [
            10.237658262252808,
            11064000,
            10857472,
            1844
        ],
        [
            9.824058771133423,
            10680000,
            10480640,
            1780
        ]
    ],
    "36": [
        [
            14.324656248092651,
            15792000,
            15497216,
            2632
        ],
        [
            14.805765390396118,
            15720000,
            15426560,
            2620
        ],
        [
            14.483093500137329,
            15972000,
            15673856,
            2662
        ],
        [
            14.316087245941162,
            15528000,
            15238144,
            2588
        ],
        [
            13.714258193969727,
            15708000,
            15414784,
            2618
        ],
        [
            14.088910102844238,
            15900000,
            15603200,
            2650
        ],
        [
            14.912327527999878,
            15600000,
            15308800,
            2600
        ],
        [
            13.734952449798584,
            15564000,
            15273472,
            2594
        ],
        [
            14.264487028121948,
            15492000,
            15202816,
            2582
        ],
        [
            14.080899477005005,
            15864000,
            15567872,
            2644
        ]
    ],
    "48": [
        [
            17.25226593017578,
            19776000,
            19406848,
            3296
        ],
        [
            17.139874935150146,
            19572000,
            19206656,
            3262
        ],
        [
            17.47605061531067,
            19824000,
            19453952,
            3304
        ],
        [
            17.069260358810425,
            19368000,
            19006464,
            3228
        ],
        [
            16.83321976661682,
            19872000,
            19501056,
            3312
        ],
        [
            16.971580743789673,
            19956000,
            19583488,
            3326
        ],
        [
            16.808504581451416,
            19860000,
            19489280,
            3310
        ],
        [
            16.087794542312622,
            19620000,
            19253760,
            3270
        ],
        [
            15.740727424621582,
            19860000,
            19489280,
            3310
        ],
        [
            15.845118045806885,
            19716000,
            19347968,
            3286
        ]
    ],