{
    "6": [
        [
            54.72431778907776,
            1056000,
            1036288,
            88
        ],
        [
            54.37039923667908,
            1044000,
            1024512,
            87
        ],
        [
            57.822415828704834,
            1152000,
            1130496,
            96
        ],
        [
            55.47533345222473,
            1080000,
            1059840,
            90
        ],
        [
            58.733484745025635,
            1200000,
            1177600,
            100
        ],
        [
            60.68834900856018,
            1212000,
            1189376,
            101
        ],
        [
            56.74169158935547,
            1116000,
            1095168,
            93
        ],
        [
            56.4436514377594,
            1068000,
            1048064,
            89
        ],
        [
            58.41568446159363,
            1188000,
            1165824,
            99
        ],
        [
            56.345637798309326,
            1104000,
            1083392,
            92
        ]
    ],
    "9": [
        [
            85.84415650367737,
            1740000,
            1707520,
            145
        ],
        [
            90.27548837661743,
            1896000,
            1860608,
            158
        ],
        [
            90.35349822044373,
            1920000,
            1884160,
            160
        ],
        [
            90.02245593070984,
            1860000,
            1825280,
            155
        ],
        [
            89.35436749458313,
            1860000,
            1825280,
            155
        ],
        [
            85.4301028251648,
            1704000,
            1672192,
            142
        ],
        [
            90.70296788215637,
            1920000,
            1884160,
            160
        ],
        [
            91.62101602554321,
            1968000,
            1931264,
            164
        ],
        [
            87.66465282440186,
            1812000,
            1778176,
            151
        ],
        [
            86.61151504516602,
            1728000,
            1695744,
            144
        ]
    ],
    "12": [
        [
            121.31183791160583,
            2532000,
            2484736,
            211
        ],
        [
            119.23602962493896,
            2484000,
            2437632,
            207
        ],
        [
            115.22772979736328,
            2364000,
            2319872,
            197
        ],
        [
            114.22959899902344,
            2292000,
            2249216,
            191
        ],
        [
            115.1627209186554,
            2364000,
            2319872,
            197
        ],
        [
            122.26503205299377,
            2544000,
            2496512,
            212
        ],
        [
            115.4783456325531,
            2328000,
            2284544,
            194
        ],
        [
            116.58204793930054,
            2376000,
            2331648,
            198
        ],
        [
            117.92366123199463,
            2448000,
            2402304,
            204
        ],
        [
            110.73277544975281,
            2172000,
            2131456,
            181
        ]
    ],
    "18": [
        [
            176.66200804710388,
            3552000,
            3485696,
            296
        ],
        [
            177.7811541557312,
            3684000,
            3615232,
            307
        ],
        [
            180.30175018310547,
            3756000,
            3685888,
            313
        ],
        [
            177.68420267105103,
            3648000,
            3579904,
            304
        ],
        [
            178.3265664577484,
            3636000,
            3568128,
            303
        ],
        [
            171.42919850349426,
            3444000,
            3379712,
            287
        ],
        [
            172.45069360733032,
            3516000,
            3450368,
            293
        ],
        [
            171.93545150756836,
            3420000,
            3356160,
            285
        ],
        [
            176.23823308944702,
            3600000,
            3532800,
            300
        ],
        [
            173.77249908447266,
            3492000,
            3426816,
            291
        ]
    ],
    "24": [
        [
            230.93916630744934,
            4668000,
            4580864,
            389
        ],
        [
            237.14885783195496,
            4788000,
            4698624,
            399
        ],
        [
            233.7604398727417,
            4776000,
            4686848,
            398
        ],
        [
            236.91450309753418,
            4872000,
            4781056,
            406
        ],
        [
            233.882506608963,
            4740000,
            4651520,
            395
        ],
        [
            230.73294758796692,
            4692000,
            4604416,
            391
        ],
        [
            231.52081847190857,
            4680000,
            4592640,
            390
        ],
        [
            235.98578715324402,
            4860000,
            4769280,
            405
        ],
        [
            231.00492882728577,
            4752000,
            4663296,
            396
        ],
        [
            232.4367790222168,
            4824000,
            4733952,
            402
        ]
    ],
    "36": [
        [
            343.69363236427307,
            6960000,
            6830080,
            580
        ],
        [
            339.6583797931671,
            6816000,
            6688768,
            568
        ],
        [
            340.57015919685364,
            6756000,
            6629888,
            563
        ],
        [
            338.81600546836853,
            6900000,
            6771200,
            575
        ],
        [
            342.3940396308899,
            6828000,
            6700544,
            569
        ],
        [
            348.00162744522095,
            7080000,
            6947840,
            590
        ],
        [
            337.7302052974701,
            6696000,
            6571008,
            558
        ],
        [
            347.7070965766907,
            6888000,
            6759424,
            574
        ],
        [
            336.0221827030182,
            6672000,
            6547456,
            556
        ],
        [
            332.88784623146057,
            6612000,
            6488576,
            551
        ]
    ],
    "48": [
        [
            441.93413734436035,
            8772000,
            8608256,
            731
        ],
        [
            442.9444274902344,
            8760000,
            8596480,
            730
        ],
        [
            435.92434072494507,
            8520000,
            8360960,
            710
        ],
        [
            430.7152853012085,
            8436000,
            8278528,
            703
        ],
        [
            429.2759702205658,
            8364000,
            8207872,
            697
        ],
        [
            434.34479331970215,
            8496000,
            8337408,
            708
        ],
        [
            436.74002957344055,
            8820000,
            8655360,
            735
        ],
        [
            428.2385823726654,
            8388000,
            8231424,
            699
        ],
        [
            423.3975245952606,
            8436000,
            8278528,
            703
        ],
        [
            434.2032051086426,
            8676000,
            8514048,
            723
        ]
    ],