{
    "6": [
        [
            33.95228362083435,
            1068000,
            1048064,
            89
        ],
        [
            33.601662158966064,
            1020000,
            1000960,
            85
        ],
        [
            32.134721755981445,
            912000,
            894976,
            76
        ],
        [
            32.8719220161438,
            960000,
            942080,
            80
        ],
        [
            35.23808479309082,
            1116000,
            1095168,
            93
        ],
        [
            32.43022084236145,
            924000,
            906752,
            77
        ],
        [
            31.348206043243408,
            876000,
            859648,
            73
        ],
        [
            32.91668391227722,
            972000,
            953856,
            81
        ],
        [
            33.90203046798706,
            1008000,
            989184,
            84
        ],
        [
            33.189401388168335,
            996000,
            977408,
            83
        ]
    ],
    "9": [
        [
            48.60354733467102,
            1428000,
            1401344,
            119
        ],
        [
            49.78286910057068,
            1500000,
            1472000,
            125
        ],
        [
            49.628833055496216,
            1452000,
            1424896,
            121
        ],
        [
            49.11471462249756,
            1452000,
            1424896,
            121
        ],
        [
            47.996843338012695,
            1380000,
            1354240,
            115
        ],
        [
            48.77107048034668,
            1428000,
            1401344,
            119
        ],
        [
            50.947009563446045,
            1548000,
            1519104,
            129
        ],
        [
            47.90905237197876,
            1404000,
            1377792,
            117
        ],
        [
            53.09095501899719,
            1668000,
            1636864,
            139
        ],
        [
            50.752734422683716,
            1524000,
            1495552,
            127
        ]
    ],
    "12": [
        [
            65.58700108528137,
            1944000,
            1907712,
            162
        ],
        [
            64.72813844680786,
            1944000,
            1907712,
            162
        ],
        [
            64.83216166496277,
            1896000,
            1860608,
            158
        ],
        [
            65.98348951339722,
            1980000,
            1943040,
            165
        ],
        [
            63.60976052284241,
            1860000,
            1825280,
            155
        ],
        [
            63.2319233417511,
            1800000,
            1766400,
            150
        ],
        [
            64.69309186935425,
            1896000,
            1860608,
            158
        ],
        [
            65.68252778053284,
            1920000,
            1884160,
            160
        ],
        [
            65.09734225273132,
            1896000,
            1860608,
            158
        ],
        [
            63.01797676086426,
            1848000,
            1813504,
            154
        ]
    ],
    "18": [
        [
            94.08437252044678,
            2700000,
            2649600,
            225
        ],
        [
            96.49684190750122,
            2856000,
            2802688,
            238
        ],
        [
            95.45036935806274,
            2796000,
            2743808,
            233
        ],
        [
            99.0945999622345,
            3036000,
            2979328,
            253
        ],
        [
            93.27307176589966,
            2688000,
            2637824,
            224
        ],
        [
            97.32642531394958,
            2868000,
            2814464,
            239
        ],
        [
            98.50181770324707,
            2976000,
            2920448,
            248
        ],
        [
            93.00048637390137,
            2628000,
            2578944,
            219
        ],
        [
            95.7068817615509,
            2844000,
            2790912,
            237
        ],
        [
            97.33054947853088,
            2904000,
            2849792,
            242
        ]
    ],
    "24": [
        [
            128.35174298286438,
            3816000,
            3744768,
            318
        ],
        [
            123.02763295173645,
            3540000,
            3473920,
            295
        ],
        [
            122.23937630653381,
            3564000,
            3497472,
            297
        ],
        [
            125.33620381355286,
            3660000,
            3591680,
            305
        ],
        [
            122.16416716575623,
            3468000,
            3403264,
            289
        ],
        [
            132.50140857696533,
            3972000,
            3897856,
            331
        ],
        [
            126.7138147354126,
            3684000,
            3615232,
            307
        ],
        [
            127.66317653656006,
            3756000,
            3685888,
            313
        ],
        [
            127.78559041023254,
            3816000,
            3744768,
            318
        ],
        [
            125.42521500587463,
            3588000,
            3521024,
            299
        ]
    ],
    "36": [
        [
            182.0795018672943,
            5196000,
            5099008,
            433
        ],
        [
            180.38165950775146,
            5076000,
            4981248,
            423
        ],
        [
            178.9511842727661,
            4992000,
            4898816,
            416
        ],
        [
            187.0305256843567,
            5448000,
            5346304,
            454
        ],
        [
            188.1083197593689,
            5472000,
            5369856,
            456
        ],
        [
            185.572895526886,
            5448000,
            5346304,
            454
        ],
        [
            182.66175413131714,
            5184000,
            5087232,
            432
        ],
        [
            186.51659083366394,
            5340000,
            5240320,
            445
        ],
        [
            192.12288522720337,
            5628000,
            5522944,
            469
        ],
        [
            185.2840976715088,
            5184000,
            5087232,
            432
        ]
    ],
    "48": [
        [
            237.97689151763916,
            6708000,
            6582784,
            559
        ],
        [
            235.2935435771942,
            6528000,
            6406144,
            544
        ],
        [
            241.67225193977356,
            6816000,
            6688768,
            568
        ],
        [
            231.34424209594727,
            6408000,
            6288384,
            534
        ],
        [
            236.8231589794159,
            6672000,
            6547456,
            556
        ],
        [
            234.5445613861084,
            6552000,
            6429696,
            546
        ],
        [
            227.7762315273285,
            6480000,
            6359040,
            540
        ],
        [
            225.73346090316772,
            6372000,
            6253056,
            531
        ],
        [
            222.83368229866028,
            6324000,
            6205952,
            527
        ],
        [
            226.04126358032227,
            6504000,
            6382592,
            542
        ]
    ],