{
    "6": [
        [
            40.86779475212097,
            336000,
            329728,
            28
        ],
        [
            47.25242638587952,
            540000,
            529920,
            45
        ],
        [
            46.43438649177551,
            504000,
            494592,
            42
        ],
        [
            40.74445462226868,
            312000,
            306176,
            26
        ],
        [
            44.760730504989624,
            480000,
            471040,
            40
        ],
        [
            43.27499771118164,
            396000,
            388608,
            33
        ],
        [
            44.08057451248169,
            420000,
            412160,
            35
        ],
        [
            46.25607752799988,
            492000,
            482816,
            41
        ],
        [
            41.19091176986694,
            312000,
            306176,
            26
        ],
        [
            44.598031520843506,
            444000,
            435712,
            37
        ]
    ],
    "9": [
        [
            66.14794850349426,
            660000,
            647680,
            55
        ],
        [
            60.835559606552124,
            456000,
            447488,
            38
        ],
        [
            61.66374945640564,
            492000,
            482816,
            41
        ],
        [
            60.6635205745697,
            444000,
            435712,
            37
        ],
        [
            62.568310022354126,
            516000,
            506368,
            43
        ],
        [
            64.76863551139832,
            588000,
            577024,
            49
        ],
        [
            66.0001266002655,
            648000,
            635904,
            54
        ],
        [
            64.40673017501831,
            588000,
            577024,
            49
        ],
        [
            64.62426209449768,
            576000,
            565248,
            48
        ],
        [
            65.3983428478241,
            612000,
            600576,
            51
        ]
    ],
    "12": [
        [
            84.18145966529846,
            720000,
            706560,
            60
        ],
        [
            86.74956440925598,
            828000,
            812544,
            69
        ],
        [
            85.48122215270996,
            768000,
            753664,
            64
        ],
        [
            87.43667221069336,
            804000,
            788992,
            67
        ],
        [
            83.62623977661133,
            684000,
            671232,
            57
        ],
        [
            82.99270629882812,
            696000,
            683008,
            58
        ],
        [
            85.451180934906,
            780000,
            765440,
            65
        ],
        [
            88.89596891403198,
            888000,
            871424,
            74
        ],
        [
            86.8795075416565,
            840000,
            824320,
            70
        ],
        [
            86.52707409858704,
            840000,
            824320,
            70
        ]
    ],
    "18": [
        [
            123.01360440254211,
            984000,
            965632,
            82
        ],
        [
            123.90627789497375,
            1092000,
            1071616,
            91
        ],
        [
            127.53118658065796,
            1140000,
            1118720,
            95
        ],
        [
            121.50822114944458,
            972000,
            953856,
            81
        ],
        [
            126.8175265789032,
            1164000,
            1142272,
            97
        ],
        [
            124.00002908706665,
            1008000,
            989184,
            84
        ],
        [
            127.20088481903076,
            1140000,
            1118720,
            95
        ],
        [
            123.20779180526733,
            1008000,
            989184,
            84
        ],
        [
            129.1757526397705,
            1176000,
            1154048,
            98
        ],
        [
            128.30427479743958,
            1200000,
            1177600,
            100
        ]
    ],
    "24": [
        [
            164.02346396446228,
            1452000,
            1424896,
            121
        ],
        [
            163.14899063110352,
            1368000,
            1342464,
            114
        ],
        [
            166.47698092460632,
            1572000,
            1542656,
            131
        ],
        [
            169.0355567932129,
            1632000,
            1601536,
            136
        ],
        [
            160.99719524383545,
            1320000,
            1295360,
            110
        ],
        [
            161.50451564788818,
            1320000,
            1295360,
            110
        ],
        [
            170.58709049224854,
            1536000,
            1507328,
            128
        ],
        [
            165.13332557678223,
            1440000,
            1413120,
            120
        ],
        [
            166.94694137573242,
            1584000,
            1554432,
            132
        ],
        [
            164.96598267555237,
            1452000,
            1424896,
            121
        ]
    ],
    "36": [
        [
            241.08406376838684,
            2172000,
            2131456,
            181
        ],
        [
            233.5940134525299,
            1884000,
            1848832,
            157
        ],
        [
            242.20445203781128,
            2184000,
            2143232,
            182
        ],
        [
            235.99340748786926,
            2040000,
            2001920,
            170
        ],
        [
            241.49870324134827,
            2244000,
            2202112,
            187
        ],
        [
            244.25326681137085,
            2196000,
            2155008,
            183
        ],
        [
            239.6117331981659,
            2136000,
            2096128,
            178
        ],
        [
            240.32053136825562,
            2136000,
            2096128,
            178
        ],
        [
            239.68129587173462,
            2124000,
            2084352,
            177
        ],
        [
            233.5667381286621,
            1908000,
            1872384,
            159
        ]
    ],
    "48": [
        [
            303.3950321674347,
            2652000,
            2602496,
            221
        ],
        [
            296.7818856239319,
            2364000,
            2319872,
            197
        ],
        [
            301.6740674972534,
            2532000,
            2484736,
            211
        ],
        [
            304.75049901008606,
            2628000,
            2578944,
            219
        ],
        [
            304.5157186985016,
            2808000,
            2755584,
            234
        ],
        [
            303.24690413475037,
            2748000,
            2696704,
            229
        ],
        [
            296.66676354408264,
            2676000,
            2626048,
            223
        ],
        [
            301.7242066860199,
            2880000,
            2826240,
            240
        ],
        [
            289.530730009079,
            2496000,
            2449408,
            208
        ],
        [
            293.1543209552765,
            2640000,
            2590720,
            220
        ]
    ],