{
    "6": [
        [
            8.328171968460083,
            35268000,
            34609664,
            5878
        ]
    ],
    "9": [
        [
            12.221355199813843,
            52056000,
            51084288,
            8676
        ]
    ],
    "12": [
        [
            15.243921279907227,
            68040000,
            66769920,
            11340
        ]
    ],
    "18": [
        [
            20.67657732963562,
            98412000,
            96574976,
            16402
        ]
    ],
    "24": [
        [
            25.203264713287354,
            126204000,
            123848192,
            21034
        ]
    ],
    "36": [
        [
            33.60809922218323,
            177624000,
            174308352,
            29604
        ]
    ],
    "48": [
        [
            40.195868730545044,
            220932000,
            216807936,
            36822
        ]
    ],
    "54": [
        [
            44.0794460773468,
            242724000,
            238193152,
            40454
        ]
    ]
}