{
    "6": [
        [
            18.038729667663574,
            4464000,
            4380672,
            372
        ],
        [
            18.572556734085083,
            4596000,
            4510208,
            383
        ],
        [
            18.95794129371643,
            4668000,
            4580864,
            389
        ],
        [
            18.578592538833618,
            4632000,
            4545536,
            386
        ],
        [
            19.25984501838684,
            4704000,
            4616192,
            392
        ],
        [
            18.763730764389038,
            4608000,
            4521984,
            384
        ],
        [
            19.196829795837402,
            4692000,
            4604416,
            391
        ],
        [
            18.464090585708618,
            4608000,
            4521984,
            384
        ],
        [
            18.596216678619385,
            4632000,
            4545536,
            386
        ],
        [
            18.38216781616211,
            4560000,
            4474880,
            380
        ]
    ],
    "9": [
        [
            35.91579985618591,
            6876000,
            6747648,
            573
        ],
        [
            34.45080780982971,
            6708000,
            6582784,
            559
        ],
        [
            36.4795458316803,
            6936000,
            6806528,
            578
        ],
        [
            35.627707719802856,
            6864000,
            6735872,
            572
        ],
        [
            35.122474908828735,
            6804000,
            6676992,
            567
        ],
        [
            34.6623694896698,
            6708000,
            6582784,
            559
        ],
        [
            35.19674324989319,
            6804000,
            6676992,
            567
        ],
        [
            35.500409841537476,
            6828000,
            6700544,
            569
        ],
        [
            35.56942558288574,
            6828000,
            6700544,
            569
        ],
        [
            35.7873694896698,
            6816000,
            6688768,
            568
        ]
    ],
    "12": [
        [
            56.30663275718689,
            8892000,
            8726016,
            741
        ],
        [
            56.84866237640381,
            8928000,
            8761344,
            744
        ],
        [
            55.84143137931824,
            8856000,
            8690688,
            738
        ],
        [
            56.575599908828735,
            8928000,
            8761344,
            744
        ],
        [
            55.32431221008301,
            8808000,
            8643584,
            734
        ],
        [
            54.85519051551819,
            8736000,
            8572928,
            728
        ],
        [
            55.04569935798645,
            8784000,
            8620032,
            732
        ],
        [
            56.63917779922485,
            8880000,
            8714240,
            740
        ],
        [
            54.550586223602295,
            8724000,
            8561152,
            727
        ],
        [
            54.82510542869568,
            8712000,
            8549376,
            726
        ]
    ],
    "18": [
        [
            104.41072082519531,
            12648000,
            12411904,
            1054
        ],
        [
            104.63977408409119,
            12660000,
            12423680,
            1055
        ],
        [
            102.44112944602966,
            12504000,
            12270592,
            1042
        ],
        [
            105.94213390350342,
            12804000,
            12564992,
            1067
        ],
        [
            104.1487226486206,
            12648000,
            12411904,
            1054
        ],
        [
            106.43207955360413,
            12828000,
            12588544,
            1069
        ],
        [
            101.23491716384888,
            12492000,
            12258816,
            1041
        ],
        [
            106.22718143463135,
            12888000,
            12647424,
            1074
        ],
        [
            103.91573858261108,
            12708000,
            12470784,
            1059
        ],
        [
            100.20966958999634,
            12420000,
            12188160,
            1035
        ]
    ],
    "24": [
        [
            153.21396470069885,
            15708000,
            15414784,
            1309
        ],
        [
            161.73640370368958,
            16152000,
            15850496,
            1346
        ],
        [
            158.8117163181305,
            16044000,
            15744512,
            1337
        ],
        [
            154.97837090492249,
            15804000,
            15508992,
            1317
        ],
        [
            165.08638858795166,
            16392000,
            16086016,
            1366
        ],
        [
            159.42027735710144,
            15972000,
            15673856,
            1331
        ],
        [
            158.26806616783142,
            16008000,
            15709184,
            1334
        ],
        [
            161.78305554389954,
            16212000,
            15909376,
            1351
        ],
        [
            162.05521512031555,
            16236000,
            15932928,
            1353
        ],
        [
            161.26252627372742,
            16200000,
            15897600,
            1350
        ]
    ],
    "36": [
        [
            296.336275100708,
            22416000,
            21997568,
            1868
        ],
        [
            300.83208537101746,
            22644000,
            22221312,
            1887
        ],
        [
            293.84747982025146,
            22320000,
            21903360,
            1860
        ],
        [
            290.23529601097107,
            22152000,
            21738496,
            1846
        ],
        [
            297.05414867401123,
            22476000,
            22056448,
            1873
        ],
        [
            290.0633490085602,
            22164000,
            21750272,
            1847
        ],
        [
            289.0624666213989,
            22200000,
            21785600,
            1850
        ],
        [
            298.63980746269226,
            22512000,
            22091776,
            1876
        ],
        [
            297.8527510166168,
            22512000,
            22091776,
            1876
        ],
        [
            303.5785753726959,
            22728000,
            22303744,
            1894
        ]
    ],
    "48": [
        [
            437.6967442035675,
            27348000,
            26837504,
            2279
        ],
        [
            435.8200659751892,
            27504000,
            26990592,
            2292
        ],
        [
            437.64768171310425,
            27528000,
            27014144,
            2294
        ],
        [
            439.22526001930237,
            27588000,
            27073024,
            2299
        ],
        [
            438.324588060379,
            27576000,
            27061248,
            2298
        ],
        [
            430.6370327472687,
            27336000,
            26825728,
            2278
        ],
        [
            427.5557053089142,
            27636000,
            27120128,
            2303
        ],
        [
            430.8031532764435,
            27852000,
            27332096,
            2321
        ],
        [
            422.27296900749207,
            27480000,
            26967040,
            2290
        ],
        [
            421.9704031944275,
            27516000,
            27002368,
            2293
        ]
    ],