{
    "6": [
        [
            1.8260424137115479,
            2820000,
            2767360,
            470
        ],
        [
            1.965545415878296,
            2844000,
            2790912,
            474
        ],
        [
            1.8449199199676514,
            2856000,
            2802688,
            476
        ],
        [
            1.855757236480713,
            2664000,
            2614272,
            444
        ],
        [
            1.8728175163269043,
            2784000,
            2732032,
            464
        ],
        [
            1.9539642333984375,
            2880000,
            2826240,
            480
        ],
        [
            1.8330390453338623,
            2856000,
            2802688,
            476
        ],
        [
            1.8742868900299072,
            2856000,
            2802688,
            476
        ],
        [
            1.9678452014923096,
            2772000,
            2720256,
            462
        ],
        [
            2.1530189514160156,
            2628000,
            2578944,
            438
        ]
    ],
    "9": [
        [
            3.243208169937134,
            4404000,
            4321792,
            734
        ],
        [
            3.2632076740264893,
            4368000,
            4286464,
            728
        ],
        [
            2.9714086055755615,
            4368000,
            4286464,
            728
        ],
        [
            3.0672669410705566,
            4440000,
            4357120,
            740
        ],
        [
            3.626556634902954,
            4356000,
            4274688,
            726
        ],
        [
            3.3213560581207275,
            4344000,
            4262912,
            724
        ],
        [
            3.230398416519165,
            4320000,
            4239360,
            720
        ],
        [
            3.4115753173828125,
            4272000,
            4192256,
            712
        ],
        [
            3.4195754528045654,
            4272000,
            4192256,
            712
        ],
        [
            3.2146921157836914,
            4344000,
            4262912,
            724
        ]
    ],
    "12": [
        [
            3.9670751094818115,
            5784000,
            5676032,
            964
        ],
        [
            4.565583229064941,
            5880000,
            5770240,
            980
        ],
        [
            4.4242942333221436,
            5880000,
            5770240,
            980
        ],
        [
            4.340009450912476,
            5856000,
            5746688,
            976
        ],
        [
            4.572465181350708,
            5700000,
            5593600,
            950
        ],
        [
            4.5012123584747314,
            5940000,
            5829120,
            990
        ],
        [
            4.3077309131622314,
            6036000,
            5923328,
            1006
        ],
        [
            4.329185724258423,
            6000000,
            5888000,
            1000
        ],
        [
            4.306123733520508,
            6156000,
            6041088,
            1026
        ],
        [
            4.377041578292847,
            5832000,
            5723136,
            972
        ]
    ],
    "18": [
        [
            6.145596265792847,
            8676000,
            8514048,
            1446
        ],
        [
            6.230118274688721,
            8796000,
            8631808,
            1466
        ],
        [
            6.092055082321167,
            8640000,
            8478720,
            1440
        ],
        [
            6.051723480224609,
            8736000,
            8572928,
            1456
        ],
        [
            6.2598326206207275,
            8724000,
            8561152,
            1454
        ],
        [
            6.154911518096924,
            8712000,
            8549376,
            1452
        ],
        [
            6.277442216873169,
            8736000,
            8572928,
            1456
        ],
        [
            5.914278984069824,
            8628000,
            8466944,
            1438
        ],
        [
            6.119518041610718,
            8652000,
            8490496,
            1442
        ],
        [
            6.330387353897095,
            8892000,
            8726016,
            1482
        ]
    ],
    "24": [
        [
            7.745138645172119,
            11676000,
            11458048,
            1946
        ],
        [
            7.557435035705566,
            11232000,
            11022336,
            1872
        ],
        [
            7.480421781539917,
            11424000,
            11210752,
            1904
        ],
        [
            7.934067010879517,
            11232000,
            11022336,
            1872
        ],
        [
            7.780871391296387,
            11424000,
            11210752,
            1904
        ],
        [
            7.8988564014434814,
            11496000,
            11281408,
            1916
        ],
        [
            7.644096612930298,
            11412000,
            11198976,
            1902
        ],
        [
            7.727691888809204,
            11196000,
            10987008,
            1866
        ],
        [
            8.225656509399414,
            11472000,
            11257856,
            1912
        ],
        [
            8.184716939926147,
            11388000,
            11175424,
            1898
        ]
    ],
    "36": [
        [
            12.23781967163086,
            16068000,
            15768064,
            2678
        ],
        [
            11.352795362472534,
            15912000,
            15614976,
            2652
        ],
        [
            11.913106203079224,
            16332000,
            16027136,
            2722
        ],
        [
            11.190391540527344,
            16164000,
            15862272,
            2694
        ],
        [
            11.327226877212524,
            16440000,
            16133120,
            2740
        ],
        [
            10.922254800796509,
            16008000,
            15709184,
            2668
        ],
        [
            10.944282293319702,
            15840000,
            15544320,
            2640
        ],
        [
            11.1851065158844,
            16320000,
            16015360,
            2720
        ],
        [
            11.618767023086548,
            16224000,
            15921152,
            2704
        ],
        [
            11.191058874130249,
            15936000,
            15638528,
            2656
        ]
    ],
    "48": [
        [
            14.255064249038696,
            20172000,
            19795456,
            3362
        ],
        [
            13.996566772460938,
            20208000,
            19830784,
            3368
        ],
        [
            15.094210863113403,
            20220000,
            19842560,
            3370
        ],
        [
            15.0708327293396,
            20268000,
            19889664,
            3378
        ],
        [
            14.825126647949219,
            20376000,
            19995648,
            3396
        ],
        [
            14.613165378570557,
            20328000,
            19948544,
            3388
        ],
        [
            14.859371900558472,
            20388000,
            20007424,
            3398
        ],
        [
            14.600552082061768,
            19812000,
            19442176,
            3302
        ],
        [
            14.48645281791687,
            20364000,
            19983872,
            3394
        ],
        [
            14.669365167617798,
            20400000,
            20019200,
            3400
        ]
    ],