{
    "6": [
        [
            20.30346131324768,
            3816000,
            3744768,
            318
        ],
        [
            20.211435079574585,
            3816000,
            3744768,
            318
        ],
        [
            19.794663190841675,
            3816000,
            3744768,
            318
        ],
        [
            19.842674255371094,
            3804000,
            3732992,
            317
        ],
        [
            21.478508472442627,
            4032000,
            3956736,
            336
        ],
        [
            20.131877899169922,
            3852000,
            3780096,
            321
        ],
        [
            20.54143476486206,
            3912000,
            3838976,
            326
        ],
        [
            20.651458740234375,
            3876000,
            3803648,
            323
        ],
        [
            20.888512134552002,
            3876000,
            3803648,
            323
        ],
        [
            19.129650115966797,
            3732000,
            3662336,
            311
        ]
    ],
    "9": [
        [
            36.274436235427856,
            5772000,
            5664256,
            481
        ],
        [
            35.525670766830444,
            5700000,
            5593600,
            475
        ],
        [
            35.97777271270752,
            5712000,
            5605376,
            476
        ],
        [
            36.89557766914368,
            5868000,
            5758464,
            489
        ],
        [
            35.39664268493652,
            5604000,
            5499392,
            467
        ],
        [
            35.8353374004364,
            5700000,
            5593600,
            475
        ],
        [
            35.319096326828,
            5676000,
            5570048,
            473
        ],
        [
            33.48609805107117,
            5400000,
            5299200,
            450
        ],
        [
            35.97834348678589,
            5712000,
            5605376,
            476
        ],
        [
            36.34242796897888,
            5688000,
            5581824,
            474
        ]
    ],
    "12": [
        [
            54.41044354438782,
            7548000,
            7407104,
            629
        ],
        [
            55.12050104141235,
            7560000,
            7418880,
            630
        ],
        [
            55.14737582206726,
            7572000,
            7430656,
            631
        ],
        [
            51.77338194847107,
            7272000,
            7136256,
            606
        ],
        [
            54.78729605674744,
            7440000,
            7301120,
            620
        ],
        [
            54.022788524627686,
            7440000,
            7301120,
            620
        ],
        [
            53.701202630996704,
            7392000,
            7254016,
            616
        ],
        [
            55.3572940826416,
            7668000,
            7524864,
            639
        ],
        [
            52.349895000457764,
            7368000,
            7230464,
            614
        ],
        [
            54.90659475326538,
            7548000,
            7407104,
            629
        ]
    ],
    "18": [
        [
            95.86561155319214,
            10716000,
            10515968,
            893
        ],
        [
            98.08150148391724,
            10896000,
            10692608,
            908
        ],
        [
            96.08316159248352,
            10788000,
            10586624,
            899
        ],
        [
            96.05155515670776,
            10788000,
            10586624,
            899
        ],
        [
            96.52589464187622,
            10800000,
            10598400,
            900
        ],
        [
            95.38931107521057,
            10776000,
            10574848,
            898
        ],
        [
            98.19991517066956,
            10956000,
            10751488,
            913
        ],
        [
            95.32363486289978,
            10800000,
            10598400,
            900
        ],
        [
            97.93770360946655,
            10872000,
            10669056,
            906
        ],
        [
            96.19156289100647,
            10752000,
            10551296,
            896
        ]
    ],
    "24": [
        [
            142.96913981437683,
            13668000,
            13412864,
            1139
        ],
        [
            142.8541135787964,
            13692000,
            13436416,
            1141
        ],
        [
            142.66475248336792,
            13620000,
            13365760,
            1135
        ],
        [
            145.48800492286682,
            13800000,
            13542400,
            1150
        ],
        [
            147.4792263507843,
            13920000,
            13660160,
            1160
        ],
        [
            144.7986397743225,
            13716000,
            13459968,
            1143
        ],
        [
            141.55002570152283,
            13656000,
            13401088,
            1138
        ],
        [
            144.97361755371094,
            13812000,
            13554176,
            1151
        ],
        [
            144.80829620361328,
            13860000,
            13601280,
            1155
        ],
        [
            142.1338918209076,
            13692000,
            13436416,
            1141
        ]
    ],
    "36": [
        [
            255.00345087051392,
            19176000,
            18818048,
            1598
        ],
        [
            260.39526748657227,
            19380000,
            19018240,
            1615
        ],
        [
            256.39706015586853,
            19176000,
            18818048,
            1598
        ],
        [
            255.37720108032227,
            19188000,
            18829824,
            1599
        ],
        [
            257.08281111717224,
            19212000,
            18853376,
            1601
        ],
        [
            261.78069162368774,
            19284000,
            18924032,
            1607
        ],
        [
            259.8325707912445,
            19320000,
            18959360,
            1610
        ],
        [
            259.7506859302521,
            19320000,
            18959360,
            1610
        ],
        [
            257.87548089027405,
            19236000,
            18876928,
            1603
        ],
        [
            263.5655052661896,
            19392000,
            19030016,
            1616
        ]
    ],
    "48": [
        [
            382.52407670021057,
            23964000,
            23516672,
            1997
        ],
        [
            377.8396701812744,
            23868000,
            23422464,
            1989
        ],
        [
            370.4450013637543,
            23676000,
            23234048,
            1973
        ],
        [
            379.5294876098633,
            23928000,
            23481344,
            1994
        ],
        [
            381.1920211315155,
            23988000,
            23540224,
            1999
        ],
        [
            373.09917998313904,
            23676000,
            23234048,
            1973
        ],
        [
            369.6702163219452,
            23904000,
            23457792,
            1992
        ],
        [
            366.3077962398529,
            23748000,
            23304704,
            1979
        ],
        [
            379.6650695800781,
            24264000,
            23811072,
            2022
        ],
        [
            373.64775252342224,
            24120000,
            23669760,
            2010
        ]
    ],