{
    "6": [
        [
            0.12203645706176758,
            5376000,
            5275648,
            896
        ],
        [
            0.12166047096252441,
            5376000,
            5275648,
            896
        ],
        [
            0.14128780364990234,
            5376000,
            5275648,
            896
        ],
        [
            0.14128732681274414,
            5376000,
            5275648,
            896
        ],
        [
            0.12806153297424316,
            5376000,
            5275648,
            896
        ],
        [
            0.12805986404418945,
            5376000,
            5275648,
            896
        ],
        [
            0.1403348445892334,
            5376000,
            5275648,
            896
        ],
        [
            0.1354525089263916,
            5376000,
            5275648,
            896
        ],
        [
            0.13045215606689453,
            5364000,
            5263872,
            894
        ],
        [
            0.14445281028747559,
            5376000,
            5275648,
            896
        ]
    ],
    "9": [
        [
            0.1859755516052246,
            7800000,
            7654400,
            1300
        ],
        [
            0.19797587394714355,
            7788000,
            7642624,
            1298
        ],
        [
            0.19197535514831543,
            7776000,
            7630848,
            1296
        ],
        [
            0.19357728958129883,
            7800000,
            7654400,
            1300
        ],
        [
            0.1985776424407959,
            7800000,
            7654400,
            1300
        ],
        [
            0.18506407737731934,
            7788000,
            7642624,
            1298
        ],
        [
            0.1855778694152832,
            7800000,
            7654400,
            1300
        ],
        [
            0.19357657432556152,
            7800000,
            7654400,
            1300
        ],
        [
            0.18857789039611816,
            7776000,
            7630848,
            1296
        ],
        [
            0.19917917251586914,
            7776000,
            7630848,
            1296
        ]
    ],
    "12": [
        [
            0.2589747905731201,
            10056000,
            9868288,
            1676
        ],
        [
            0.2447216510772705,
            10044000,
            9856512,
            1674
        ],
        [
            0.256685733795166,
            10044000,
            9856512,
            1674
        ],
        [
            0.24868440628051758,
            10056000,
            9868288,
            1676
        ],
        [
            0.24117159843444824,
            10044000,
            9856512,
            1674
        ],
        [
            0.28368663787841797,
            10056000,
            9868288,
            1676
        ],
        [
            0.2786870002746582,
            10020000,
            9832960,
            1670
        ],
        [
            0.31001710891723633,
            10032000,
            9844736,
            1672
        ],
        [
            0.2745018005371094,
            10044000,
            9856512,
            1674
        ],
        [
            0.2981705665588379,
            10044000,
            9856512,
            1674
        ]
    ],
    "18": [
        [
            0.375563383102417,
            14184000,
            13919232,
            2364
        ],
        [
            0.43584680557250977,
            14148000,
            13883904,
            2358
        ],
        [
            0.3763279914855957,
            14196000,
            13931008,
            2366
        ],
        [
            0.4100484848022461,
            14148000,
            13883904,
            2358
        ],
        [
            0.3695342540740967,
            14136000,
            13872128,
            2356
        ],
        [
            0.4022092819213867,
            14184000,
            13919232,
            2364
        ],
        [
            0.35941123962402344,
            14196000,
            13931008,
            2366
        ],
        [
            0.3439064025878906,
            14184000,
            13919232,
            2364
        ],
        [
            0.35890650749206543,
            14148000,
            13883904,
            2358
        ],
        [
            0.39147424697875977,
            14172000,
            13907456,
            2362
        ]
    ],
    "24": [
        [
            0.4773545265197754,
            17628000,
            17298944,
            2938
        ],
        [
            0.4481980800628662,
            17700000,
            17369600,
            2950
        ],
        [
            0.4551999568939209,
            17712000,
            17381376,
            2952
        ],
        [
            0.44119858741760254,
            17652000,
            17322496,
            2942
        ],
        [
            0.4632575511932373,
            17736000,
            17404928,
            2956
        ],
        [
            0.49805665016174316,
            17700000,
            17369600,
            2950
        ],
        [
            0.43228721618652344,
            17748000,
            17416704,
            2958
        ],
        [
            0.44693851470947266,
            17628000,
            17298944,
            2938
        ],
        [
            0.47574353218078613,
            17640000,
            17310720,
            2940
        ],
        [
            0.4397437572479248,
            17676000,
            17346048,
            2946
        ]
    ],
    "36": [
        [
            0.6204380989074707,
            23832000,
            23387136,
            3972
        ],
        [
            0.653235673904419,
            23892000,
            23446016,
            3982
        ],
        [
            0.6642096042633057,
            23892000,
            23446016,
            3982
        ],
        [
            0.5833559036254883,
            23856000,
            23410688,
            3976
        ],
        [
            0.5929403305053711,
            23844000,
            23398912,
            3974
        ],
        [
            0.6446828842163086,
            23832000,
            23387136,
            3972
        ],
        [
            0.7212848663330078,
            23952000,
            23504896,
            3992
        ],
        [
            0.6278543472290039,
            23844000,
            23398912,
            3974
        ],
        [
            0.6641545295715332,
            23808000,
            23363584,
            3968
        ],
        [
            0.6604559421539307,
            23772000,
            23328256,
            3962
        ]
    ],