{
    "6": [
        [
            1.1266038417816162,
            53784000,
            52780032,
            8964
        ]
    ],
    "9": [
        [
            1.5453143119812012,
            78000000,
            76544000,
            13000
        ]
    ],
    "12": [
        [
            2.000070095062256,
            100368000,
            98494464,
            16728
        ]
    ],
    "18": [
        [
            2.6599464416503906,
            141864000,
            139215872,
            23644
        ]
    ],
    "24": [
        [
            3.144052267074585,
            176880000,
            173578240,
            29480
        ]
    ],
    "36": [
        [
            4.10493016242981,
            238728000,
            234271744,
            39788
        ]
    ],
    "48": [
        [
            4.796923398971558,
            286740000,
            281387520,
            47790
        ]
    ],
    "54": [
        [
            4.998480558395386,
            310512000,
            304715776,
            51752
        ]
    ]
}