{
    "6": [
        [
            1.3827500343322754,
            2904000,
            2849792,
            484
        ],
        [
            1.4140892028808594,
            2916000,
            2861568,
            486
        ],
        [
            1.3690907955169678,
            2988000,
            2932224,
            498
        ],
        [
            1.5978026390075684,
            3000000,
            2944000,
            500
        ],
        [
            1.4413158893585205,
            3072000,
            3014656,
            512
        ],
        [
            1.5256404876708984,
            3000000,
            2944000,
            500
        ],
        [
            1.516639232635498,
            2976000,
            2920448,
            496
        ],
        [
            1.4867668151855469,
            2928000,
            2873344,
            488
        ],
        [
            1.428142786026001,
            2928000,
            2873344,
            488
        ],
        [
            1.4479689598083496,
            3012000,
            2955776,
            502
        ]
    ],
    "9": [
        [
            2.3088223934173584,
            4572000,
            4486656,
            762
        ],
        [
            2.290168523788452,
            4716000,
            4627968,
            786
        ],
        [
            2.3944880962371826,
            4524000,
            4439552,
            754
        ],
        [
            2.115968942642212,
            4716000,
            4627968,
            786
        ],
        [
            2.197622537612915,
            4524000,
            4439552,
            754
        ],
        [
            2.2717549800872803,
            4584000,
            4498432,
            764
        ],
        [
            2.265618085861206,
            4620000,
            4533760,
            770
        ],
        [
            2.2710938453674316,
            4620000,
            4533760,
            770
        ],
        [
            2.5619382858276367,
            4620000,
            4533760,
            770
        ],
        [
            2.303884506225586,
            4668000,
            4580864,
            778
        ]
    ],
    "12": [
        [
            3.0309364795684814,
            6156000,
            6041088,
            1026
        ],
        [
            2.929286241531372,
            6120000,
            6005760,
            1020
        ],
        [
            2.9379405975341797,
            6096000,
            5982208,
            1016
        ],
        [
            2.9073545932769775,
            6072000,
            5958656,
            1012
        ],
        [
            3.2810168266296387,
            6216000,
            6099968,
            1036
        ],
        [
            2.8701634407043457,
            6288000,
            6170624,
            1048
        ],
        [
            2.9183509349823,
            6192000,
            6076416,
            1032
        ],
        [
            2.9325904846191406,
            6012000,
            5899776,
            1002
        ],
        [
            2.7924067974090576,
            6156000,
            6041088,
            1026
        ],
        [
            2.828294515609741,
            6072000,
            5958656,
            1012
        ]
    ],
    "18": [
        [
            4.611711502075195,
            9204000,
            9032192,
            1534
        ],
        [
            4.519657135009766,
            9012000,
            8843776,
            1502
        ],
        [
            4.437956094741821,
            9132000,
            8961536,
            1522
        ],
        [
            4.468701362609863,
            9012000,
            8843776,
            1502
        ],
        [
            4.462369918823242,
            9120000,
            8949760,
            1520
        ],
        [
            4.569472551345825,
            9168000,
            8996864,
            1528
        ],
        [
            4.400752544403076,
            9084000,
            8914432,
            1514
        ],
        [
            4.366911172866821,
            9084000,
            8914432,
            1514
        ],
        [
            4.412423133850098,
            9180000,
            9008640,
            1530
        ],
        [
            4.612112283706665,
            8988000,
            8820224,
            1498
        ]
    ],
    "24": [
        [
            6.231930494308472,
            11712000,
            11493376,
            1952
        ],
        [
            5.824495553970337,
            11748000,
            11528704,
            1958
        ],
        [
            5.833279371261597,
            11952000,
            11728896,
            1992
        ],
        [
            5.882724046707153,
            12060000,
            11834880,
            2010
        ],
        [
            5.778172969818115,
            11760000,
            11540480,
            1960
        ],
        [
            6.141164064407349,
            11880000,
            11658240,
            1980
        ],
        [
            6.080561637878418,
            11724000,
            11505152,
            1954
        ],
        [
            6.326674938201904,
            12288000,
            12058624,
            2048
        ],
        [
            6.486647367477417,
            12024000,
            11799552,
            2004
        ],
        [
            6.182163953781128,
            11868000,
            11646464,
            1978
        ]
    ],
    "36": [
        [
            8.595253229141235,
            16332000,
            16027136,
            2722
        ],
        [
            8.703500032424927,
            17124000,
            16804352,
            2854
        ],
        [
            8.470860004425049,
            16524000,
            16215552,
            2754
        ],
        [
            8.829348087310791,
            16680000,
            16368640,
            2780
        ],
        [
            8.402700662612915,
            16836000,
            16521728,
            2806
        ],
        [
            8.341690063476562,
            16884000,
            16568832,
            2814
        ],
        [
            8.830712080001831,
            16752000,
            16439296,
            2792
        ],
        [
            8.6981942653656,
            16752000,
            16439296,
            2792
        ],
        [
            8.705021142959595,
            16308000,
            16003584,
            2718
        ],
        [
            8.724663734436035,
            16884000,
            16568832,
            2814
        ]
    ],
    "48": [
        [
            11.066008567810059,
            20952000,
            20560896,
            3492
        ],
        [
            10.463208436965942,
            20820000,
            20431360,
            3470
        ],
        [
            10.703397274017334,
            21120000,
            20725760,
            3520
        ],
        [
            10.508628845214844,
            21000000,
            20608000,
            3500
        ],
        [
            10.5614595413208,
            20676000,
            20290048,
            3446
        ],
        [
            10.640164136886597,
            20940000,
            20549120,
            3490
        ],
        [
            10.417892456054688,
            21276000,
            20878848,
            3546
        ],
        [
            10.25227165222168,
            20952000,
            20560896,
            3492
        ],
        [
            10.5081467628479,
            20964000,
            20572672,
            3494
        ],
        [
            10.32246994972229,
            20796000,
            20407808,
            3466
        ]
    ],