{
    "version": "IEEE802dot11Version.a",
    "duration": 1000000,
    "count": 10,
    "result": {
        "2": {
            "6": {
                "lap_time": 0.1436471700668335,
                "IP": 5.3748,
                "UDP": 5.2744704,
                "success": 895.8
            },
            "9": {
                "lap_time": 0.2015207052230835,
                "IP": 7.7904,
                "UDP": 7.6449792,
                "success": 1298.4
            },
            "12": {
                "lap_time": 0.2588570356369019,
                "IP": 10.044,
                "UDP": 9.856512,
                "success": 1674.0
            },
            "18": {
                "lap_time": 0.391707444190979,
                "IP": 14.1696,
                "UDP": 13.905100800000001,
                "success": 2361.6
            },
            "24": {
                "lap_time": 0.49924888610839846,
                "IP": 17.682,
                "UDP": 17.351936,
                "success": 2947.0
            },
            "36": {
                "lap_time": 0.6679928779602051,
                "IP": 23.8524,
                "UDP": 23.4071552,
                "success": 3975.4
            },
            "48": {
                "lap_time": 0.7930451154708862,
                "IP": 28.6452,
                "UDP": 28.1104896,
                "success": 4774.2
            },
            "54": {
                "lap_time": 0.7427585363388062,
                "IP": 31.0392,
                "UDP": 30.459801600000002,
                "success": 5173.2
            }
        },
        "5": {
            "6": {
                "lap_time": 0.21415286064147948,
                "IP": 4.7676,
                "UDP": 4.6786048,
                "success": 794.6
            },
            "9": {
                "lap_time": 0.3128178119659424,
                "IP": 6.954,
                "UDP": 6.824192,
                "success": 1159.0
            },
            "12": {
                "lap_time": 0.40551636219024656,
                "IP": 9.0468,
                "UDP": 8.8779264,
                "success": 1507.8
            },
            "18": {
                "lap_time": 0.5777793884277344,
                "IP": 13.0104,
                "UDP": 12.7675392,
                "success": 2168.4
            },
            "24": {
                "lap_time": 0.7630604267120361,
                "IP": 16.446,
                "UDP": 16.139008,
                "success": 2741.0
            },
            "36": {
                "lap_time": 1.0618860483169557,
                "IP": 22.8216,
                "UDP": 22.3955968,
                "success": 3803.6
            },
            "48": {
                "lap_time": 1.2496512413024903,
                "IP": 28.0488,
                "UDP": 27.525222399999997,
                "success": 4674.8
            },
            "54": {
                "lap_time": 1.1863530158996582,
                "IP": 30.8016,
                "UDP": 30.2266368,
                "success": 5133.6
            }
        },
        "10": {
            "6": {
                "lap_time": 0.3229107141494751,
                "IP": 4.2468,
                "UDP": 4.1675264,
                "success": 707.8
            },
            "9": {
                "lap_time": 0.4991114139556885,
                "IP": 6.3204,
                "UDP": 6.2024192000000005,
                "success": 1053.4
            },
            "12": {
                "lap_time": 0.6575808763504029,
                "IP": 8.214,
                "UDP": 8.060672,
                "success": 1369.0
            },
            "18": {
                "lap_time": 0.9392633438110352,
                "IP": 11.8596,
                "UDP": 11.638220800000001,
                "success": 1976.6
            },
            "24": {
                "lap_time": 1.1702174425125123,
                "IP": 15.0588,
                "UDP": 14.7777024,
                "success": 2509.8
            },
            "36": {
                "lap_time": 1.661804437637329,
                "IP": 21.1812,
                "UDP": 20.7858176,
                "success": 3530.2
            },
            "48": {
                "lap_time": 2.059031677246094,
                "IP": 26.1684,
                "UDP": 25.679923199999998,
                "success": 4361.4
            },
            "54": {
                "lap_time": 1.8498503923416139,
                "IP": 28.6776,
                "UDP": 28.142284800000002,
                "success": 4779.6
            }
        },
        "20": {
            "6": {
                "lap_time": 0.5926201105117798,
                "IP": 3.7848,
                "UDP": 3.7141504,
                "success": 630.8
            },
            "9": {
                "lap_time": 0.8467444181442261,
                "IP": 5.5776,
                "UDP": 5.4734848,
                "success": 929.6
            },
            "12": {
                "lap_time": 1.1637973546981812,
                "IP": 7.344,
                "UDP": 7.206912,
                "success": 1224.0
            },
            "18": {
                "lap_time": 1.6679594039916992,
                "IP": 10.7292,
                "UDP": 10.5289216,
                "success": 1788.2
            },
            "24": {
                "lap_time": 2.106413388252258,
                "IP": 13.7904,
                "UDP": 13.5329792,
                "success": 2298.4
            },
            "36": {
                "lap_time": 2.934544324874878,
                "IP": 19.3272,
                "UDP": 18.9664256,
                "success": 3221.2
            },
            "48": {
                "lap_time": 3.55834755897522,
                "IP": 24.0096,
                "UDP": 23.5614208,
                "success": 4001.6
            },
            "54": {
                "lap_time": 3.3368498563766478,
                "IP": 26.3616,
                "UDP": 25.8695168,
                "success": 4393.6
            }
        },
        "30": {
            "6": {
                "lap_time": 0.838862133026123,
                "IP": 3.45,
                "UDP": 3.3856,
                "success": 575.0
            },
            "9": {
                "lap_time": 1.3236643075942993,
                "IP": 5.1804,
                "UDP": 5.0836992,
                "success": 863.4
            },
            "12": {
                "lap_time": 1.719673991203308,
                "IP": 6.8616,
                "UDP": 6.733516799999999,
                "success": 1143.6
            },
            "18": {
                "lap_time": 2.4568437576293944,
                "IP": 10.0656,
                "UDP": 9.8777088,
                "success": 1677.6
            },
            "24": {
                "lap_time": 3.1003116607666015,
                "IP": 12.9432,
                "UDP": 12.701593599999999,
                "success": 2157.2
            },
            "36": {
                "lap_time": 4.334679484367371,
                "IP": 18.2928,
                "UDP": 17.951334399999997,
                "success": 3048.8
            },
            "48": {
                "lap_time": 5.31497597694397,
                "IP": 22.7832,
                "UDP": 22.3579136,
                "success": 3797.2
            },
            "54": {
                "lap_time": 4.9558912992477415,
                "IP": 24.9036,
                "UDP": 24.4387328,
                "success": 4150.6
            }
        },
        "40": {
            "6": {
                "lap_time": 1.129725742340088,
                "IP": 3.2136,
                "UDP": 3.1536128,
                "success": 535.6
            },
            "9": {
                "lap_time": 1.8050820589065553,
                "IP": 4.8792,
                "UDP": 4.788121599999999,
                "success": 813.2
            },