{
    "version": "IEEE802dot11Version.a",
    "duration": 1000000,
    "count": 10,
    "result": {
        "2": {
            "6": {
                "lap_time": 1.1266038417816162,
                "IP": 5.3784,
                "UDP": 5.2780032,
                "success": 8964.0
            },
            "9": {
                "lap_time": 1.5453143119812012,
                "IP": 7.8,
                "UDP": 7.6544,
                "success": 13000.0
            },
            "12": {
                "lap_time": 2.000070095062256,
                "IP": 10.0368,
                "UDP": 9.8494464,
                "success": 16728.0
            },
            "18": {
                "lap_time": 2.6599464416503906,
                "IP": 14.1864,
                "UDP": 13.9215872,
                "success": 23644.0
            },
            "24": {
                "lap_time": 3.144052267074585,
                "IP": 17.688,
                "UDP": 17.357824,
                "success": 29480.0
            },
            "36": {
                "lap_time": 4.10493016242981,
                "IP": 23.8728,
                "UDP": 23.4271744,
                "success": 39788.0
            },
            "48": {
                "lap_time": 4.796923398971558,
                "IP": 28.674,
                "UDP": 28.138752,
                "success": 47790.0
            },
            "54": {
                "lap_time": 4.998480558395386,
                "IP": 31.0512,
                "UDP": 30.4715776,
                "success": 51752.0
            }
        },
        "5": {
            "6": {
                "lap_time": 1.649970531463623,
                "IP": 4.776,
                "UDP": 4.686848,
                "success": 7960.0
            },
            "9": {
                "lap_time": 2.3952019214630127,
                "IP": 6.954,
                "UDP": 6.824192,
                "success": 11590.0
            },
            "12": {
                "lap_time": 2.970377206802368,
                "IP": 9.0672,
                "UDP": 8.8979456,
                "success": 15112.0
            },
            "18": {
                "lap_time": 4.139474153518677,
                "IP": 12.9756,
                "UDP": 12.7333888,
                "success": 21626.0
            },
            "24": {
                "lap_time": 4.870319604873657,
                "IP": 16.4484,
                "UDP": 16.1413632,
                "success": 27414.0
            },
            "36": {
                "lap_time": 6.356532335281372,
                "IP": 22.9008,
                "UDP": 22.4733184,
                "success": 38168.0
            },
            "48": {
                "lap_time": 7.406712293624878,
                "IP": 27.984,
                "UDP": 27.461632,
                "success": 46640.0
            },
            "54": {
                "lap_time": 7.878288269042969,
                "IP": 30.69,
                "UDP": 30.11712,
                "success": 51150.0
            }
        },
        "10": {
            "6": {
                "lap_time": 2.565690517425537,
                "IP": 4.3488,
                "UDP": 4.2676224,
                "success": 7248.0
            },
            "9": {
                "lap_time": 3.7313780784606934,
                "IP": 6.3696,
                "UDP": 6.2507008,
                "success": 10616.0
            },
            "12": {
                "lap_time": 4.7262279987335205,
                "IP": 8.3376,
                "UDP": 8.1819648,
                "success": 13896.0
            },
            "18": {
                "lap_time": 6.357801198959351,
                "IP": 11.9424,
                "UDP": 11.7194752,
                "success": 19904.0
            },
            "24": {
                "lap_time": 7.69510817527771,
                "IP": 15.2196,
                "UDP": 14.9355008,
                "success": 25366.0
            },
            "36": {
                "lap_time": 10.271686553955078,
                "IP": 21.264,
                "UDP": 20.867072,
                "success": 35440.0
            },
            "48": {
                "lap_time": 11.973284244537354,
                "IP": 26.1252,
                "UDP": 25.6375296,
                "success": 43542.0
            },
            "54": {
                "lap_time": 12.948491334915161,
                "IP": 28.6848,
                "UDP": 28.1493504,
                "success": 47808.0
            }
        },
        "20": {
            "6": {
                "lap_time": 4.705321550369263,
                "IP": 3.966,
                "UDP": 3.891968,
                "success": 6610.0
            },
            "9": {
                "lap_time": 6.822436332702637,
                "IP": 5.7864,
                "UDP": 5.6783872,
                "success": 9644.0
            },
            "12": {
                "lap_time": 8.672018766403198,
                "IP": 7.5588,
                "UDP": 7.4177024,
                "success": 12598.0
            },
            "18": {
                "lap_time": 12.191849946975708,
                "IP": 10.9392,
                "UDP": 10.7350016,
                "success": 18232.0
            },
            "24": {
                "lap_time": 14.30016279220581,
                "IP": 13.9692,
                "UDP": 13.7084416,
                "success": 23282.0
            },
            "36": {
                "lap_time": 18.81860113143921,
                "IP": 19.5684,
                "UDP": 19.2031232,
                "success": 32614.0
            },
            "48": {
                "lap_time": 22.136497259140015,
                "IP": 24.072,
                "UDP": 23.622656,
                "success": 40120.0
            },
            "54": {
                "lap_time": 23.819063425064087,
                "IP": 26.5284,
                "UDP": 26.0332032,
                "success": 44214.0
            }
        },
        "30": {
            "6": {
                "lap_time": 6.862840890884399,
                "IP": 3.708,
                "UDP": 3.638784,
                "success": 6180.0
            },
            "9": {
                "lap_time": 9.687605619430542,
                "IP": 5.4732,
                "UDP": 5.3710336,
                "success": 9122.0
            },
            "12": {
                "lap_time": 12.254980087280273,
                "IP": 7.1292,
                "UDP": 6.9961216,
                "success": 11882.0
            },
            "18": {
                "lap_time": 16.967841625213623,
                "IP": 10.2984,
                "UDP": 10.1061632,
                "success": 17164.0
            },
            "24": {
                "lap_time": 21.1715886592865,
                "IP": 13.14,
                "UDP": 12.89472,
                "success": 21900.0
            },
            "36": {
                "lap_time": 27.017685651779175,
                "IP": 18.6168,
                "UDP": 18.2692864,
                "success": 31028.0
            },
            "48": {
                "lap_time": 31.966728448867798,
                "IP": 22.9644,
                "UDP": 22.5357312,
                "success": 38274.0
            },
            "54": {
                "lap_time": 34.508564710617065,
                "IP": 25.3908,
                "UDP": 24.9168384,
                "success": 42318.0
            }
        },
        "40": {
            "6": {
                "lap_time": 8.328171968460083,
                "IP": 3.5268,
                "UDP": 3.4609664,
                "success": 5878.0
            },
            "9": {
                "lap_time": 12.221355199813843,
                "IP": 5.2056,
                "UDP": 5.1084288,
                "success": 8676.0
            },
            "12": {
                "lap_time": 15.243921279907227,
                "IP": 6.804,
                "UDP": 6.676992,