{
    "version": "IEEE802dot11Version.a",
    "duration": 1000000,
    "device": 20,
    "count": 10,
    "result": {
        "6": {
            "lap_time": 25.72872714996338,
            "IP": 3.0564,
            "UDP": 2.9993472000000003,
            "success": 254.7
        },
        "9": {
            "lap_time": 41.466008806228636,
            "IP": 4.5504,
            "UDP": 4.465459200000001,
            "success": 379.2
        },
        "12": {
            "lap_time": 58.8348726272583,
            "IP": 5.9856,
            "UDP": 5.8738687999999994,
            "success": 498.8
        },
        "18": {
            "lap_time": 98.56479668617249,
            "IP": 8.6736,
            "UDP": 8.5116928,
            "success": 722.8
        },
        "24": {
            "lap_time": 140.7825805425644,
            "IP": 11.1072,
            "UDP": 10.8998656,
            "success": 925.6
        },
        "36": {
            "lap_time": 237.7048308134079,
            "IP": 15.8028,
            "UDP": 15.5078144,
            "success": 1316.9
        },
        "48": {
            "lap_time": 331.1186602830887,
            "IP": 19.5996,
            "UDP": 19.2337408,
            "success": 1633.3
        },
        "54": {
            "lap_time": 368.880108165741,
            "IP": 21.6672,
            "UDP": 21.262745600000002,
            "success": 1805.6
        }
    }
}