{
    "version": "IEEE802dot11Version.a",
    "duration": 1000000,
    "device": 20,
    "count": 10,
    "result": {
        "6": {
            "lap_time": 23.284654951095582,
            "IP": 2.8908,
            "UDP": 2.8368384,
            "success": 240.9
        },
        "9": {
            "lap_time": 38.49400701522827,
            "IP": 4.3224,
            "UDP": 4.2417152,
            "success": 360.2
        },
        "12": {
            "lap_time": 52.55272579193115,
            "IP": 5.5968,
            "UDP": 5.4923264000000005,
            "success": 466.4
        },
        "18": {
            "lap_time": 89.36381797790527,
            "IP": 8.13,
            "UDP": 7.97824,
            "success": 677.5
        },
        "24": {
            "lap_time": 125.54635336399079,
            "IP": 10.47,
            "UDP": 10.27456,
            "success": 872.5
        },
        "36": {
            "lap_time": 214.20062417984008,
            "IP": 14.7408,
            "UDP": 14.4656384,
            "success": 1228.4
        },
        "48": {
            "lap_time": 294.5452656984329,
            "IP": 18.4212,
            "UDP": 18.0773376,
            "success": 1535.1
        },
        "54": {
            "lap_time": 334.60413579940797,
            "IP": 20.4396,
            "UDP": 20.0580608,
            "success": 1703.3
        }
    }
}