{
    "version": "IEEE802dot11Version.a",
    "duration": 1000000,
    "device": 30,
    "count": 10,
    "result": {
        "6": {
            "lap_time": 26.40837516784668,
            "IP": 2.292,
            "UDP": 2.249216,
            "success": 191.0
        },
        "9": {
            "lap_time": 40.81067500114441,
            "IP": 3.33,
            "UDP": 3.26784,
            "success": 277.5
        },
        "12": {
            "lap_time": 55.06184661388397,
            "IP": 4.3308,
            "UDP": 4.249958400000001,
            "success": 360.9
        },
        "18": {
            "lap_time": 87.64698798656464,
            "IP": 6.3756,
            "UDP": 6.256588799999999,
            "success": 531.3
        },
        "24": {
            "lap_time": 121.69532215595245,
            "IP": 8.2152,
            "UDP": 8.0618496,
            "success": 684.6
        },
        "36": {
            "lap_time": 189.54663026332855,
            "IP": 11.4744,
            "UDP": 11.260211199999999,
            "success": 956.2
        },
        "48": {
            "lap_time": 258.1985055923462,
            "IP": 14.4468,
            "UDP": 14.1771264,
            "success": 1203.9
        },
        "54": {
            "lap_time": 281.65323147773745,
            "IP": 15.9072,
            "UDP": 15.6102656,
            "success": 1325.6
        }
    }
}