{
    "version": "IEEE802dot11Version.a",
    "duration": 1000000,
    "device": 30,
    "count": 10,
    "result": {
        "6": {
            "lap_time": 30.63978579044342,
            "IP": 2.5896,
            "UDP": 2.5412608,
            "success": 215.8
        },
        "9": {
            "lap_time": 47.65968587398529,
            "IP": 3.8376,
            "UDP": 3.7659648,
            "success": 319.8
        },
        "12": {
            "lap_time": 66.40670382976532,
            "IP": 5.0748,
            "UDP": 4.980070400000001,
            "success": 422.9
        },
        "18": {
            "lap_time": 106.2873241186142,
            "IP": 7.41,
            "UDP": 7.27168,
            "success": 617.5
        },
        "24": {
            "lap_time": 148.1999609708786,
            "IP": 9.576,
            "UDP": 9.397248,
            "success": 798.0
        },
        "36": {
            "lap_time": 239.4700376033783,
            "IP": 13.56,
            "UDP": 13.30688,
            "success": 1130.0
        },
        "48": {
            "lap_time": 328.127662229538,
            "IP": 16.9812,
            "UDP": 16.6642176,
            "success": 1415.1
        },
        "54": {
            "lap_time": 355.6126531600952,
            "IP": 18.5928,
            "UDP": 18.2457344,
            "success": 1549.4
        }
    }
}