{
    "version": "IEEE802dot11Version.a",
    "duration": 10000000,
    "device": 2,
    "count": 1,
    "result": {
        "6": {
            "lap_time": 1.1266038417816162,
            "IP": 5.3784,
            "UDP": 5.2780032,
            "success": 8964.0
        },
        "9": {
            "lap_time": 1.5453143119812012,
            "IP": 7.8,
            "UDP": 7.6544,
            "success": 13000.0
        },
        "12": {
            "lap_time": 2.000070095062256,
            "IP": 10.0368,
            "UDP": 9.8494464,
            "success": 16728.0
        },
        "18": {
            "lap_time": 2.6599464416503906,
            "IP": 14.1864,
            "UDP": 13.9215872,
            "success": 23644.0
        },
        "24": {
            "lap_time": 3.144052267074585,
            "IP": 17.688,
            "UDP": 17.357824,
            "success": 29480.0
        },
        "36": {
            "lap_time": 4.10493016242981,
            "IP": 23.8728,
            "UDP": 23.4271744,
            "success": 39788.0
        },
        "48": {
            "lap_time": 4.796923398971558,
            "IP": 28.674,
            "UDP": 28.138752,
            "success": 47790.0
        },
        "54": {
            "lap_time": 4.998480558395386,
            "IP": 31.0512,
            "UDP": 30.4715776,
            "success": 51752.0
        }
    }
}