{
    "version": "IEEE802dot11Version.a",
    "duration": 60000000,
    "device": 2,
    "count": 10,
    "result": {
        "6": {
            "lap_time": 8.710802102088929,
            "IP": 5.3797,
            "UDP": 5.279278933333333,
            "success": 53797.0
        },
        "9": {
            "lap_time": 12.389994263648987,
            "IP": 7.79938,
            "UDP": 7.653791573333333,
            "success": 77993.8
        },
        "12": {
            "lap_time": 15.935305762290955,
            "IP": 10.04626,
            "UDP": 9.858729813333333,
            "success": 100462.6
        },
        "18": {
            "lap_time": 22.698426270484923,
            "IP": 14.17566,
            "UDP": 13.91104768,
            "success": 141756.6
        },
        "24": {
            "lap_time": 28.311850953102113,
            "IP": 17.68492,
            "UDP": 17.354801493333333,
            "success": 176849.2
        },
        "36": {
            "lap_time": 39.14609670639038,
            "IP": 23.87718,
            "UDP": 23.431472640000003,
            "success": 238771.8
        },
        "48": {
            "lap_time": 46.22216417789459,
            "IP": 28.667,
            "UDP": 28.131882666666666,
            "success": 286670.0
        },
        "54": {
            "lap_time": 43.23585710525513,
            "IP": 31.04106,
            "UDP": 30.46162688,
            "success": 310410.6
        }
    }
}