{
    "version": "IEEE802dot11Version.a",
    "duration": 1000000,
    "device": 80,
    "count": 10,
    "result": {
        "6": {
            "lap_time": 2.8359890460968016,
            "IP": 2.5368,
            "UDP": 2.4894464,
            "success": 422.8
        },
        "9": {
            "lap_time": 4.408427953720093,
            "IP": 4.02,
            "UDP": 3.94496,
            "success": 670.0
        },
        "12": {
            "lap_time": 5.759374356269836,
            "IP": 5.4288,
            "UDP": 5.3274624,
            "success": 904.8
        },
        "18": {
            "lap_time": 8.483352851867675,
            "IP": 8.1648,
            "UDP": 8.012390400000001,
            "success": 1360.8
        },
        "24": {
            "lap_time": 10.816737174987793,
            "IP": 10.7076,
            "UDP": 10.5077248,
            "success": 1784.6
        },
        "36": {
            "lap_time": 15.577597498893738,
            "IP": 15.0996,
            "UDP": 14.817740800000001,
            "success": 2516.6
        },
        "48": {
            "lap_time": 19.676117181777954,
            "IP": 19.1748,
            "UDP": 18.8168704,
            "success": 3195.8
        },
        "54": {
            "lap_time": 18.105572152137757,
            "IP": 21.192,
            "UDP": 20.796416,
            "success": 3532.0
        }
    }
}