{
    "version": "IEEE802dot11Version.a",
    "duration": 1000000,
    "device": 90,
    "count": 10,
    "result": {
        "6": {
            "lap_time": 56.976096534729,
            "IP": 1.122,
            "UDP": 1.101056,
            "success": 93.5
        },
        "9": {
            "lap_time": 88.78802211284638,
            "IP": 1.8408,
            "UDP": 1.8064384,
            "success": 153.4
        },
        "12": {
            "lap_time": 116.81497795581818,
            "IP": 2.3904,
            "UDP": 2.3457792000000004,
            "success": 199.2
        },
        "18": {
            "lap_time": 175.65817573070527,
            "IP": 3.5748,
            "UDP": 3.5080704,
            "success": 297.9
        },
        "24": {
            "lap_time": 233.43267347812653,
            "IP": 4.7652,
            "UDP": 4.676249599999999,
            "success": 397.1
        },
        "36": {
            "lap_time": 340.74811747074125,
            "IP": 6.8208,
            "UDP": 6.6934784,
            "success": 568.4
        },
        "48": {
            "lap_time": 433.77182960510254,
            "IP": 8.5668,
            "UDP": 8.406886400000001,
            "success": 713.9
        },
        "54": {
            "lap_time": 464.4838634490967,
            "IP": 9.4668,
            "UDP": 9.2900864,
            "success": 788.9
        }
    }
}