{
    "version": "IEEE802dot11Version.a",
    "duration": 1000000,
    "device": 70,
    "count": 10,
    "result": {
        "6": {
            "lap_time": 21.960289120674133,
            "IP": 1.4616,
            "UDP": 1.4343168,
            "success": 121.8
        },
        "9": {
            "lap_time": 34.63641178607941,
            "IP": 2.298,
            "UDP": 2.255104,
            "success": 191.5
        },
        "12": {
            "lap_time": 46.52897212505341,
            "IP": 3.0228,
            "UDP": 2.9663744,
            "success": 251.9
        },
        "18": {
            "lap_time": 71.71868777275085,
            "IP": 4.5276,
            "UDP": 4.443084799999999,
            "success": 377.3
        },
        "24": {
            "lap_time": 96.17756006717681,
            "IP": 5.8944,
            "UDP": 5.7843712,
            "success": 491.2
        },
        "36": {
            "lap_time": 144.6853015422821,
            "IP": 8.4336,
            "UDP": 8.2761728,
            "success": 702.8
        },
        "48": {
            "lap_time": 186.53773505687712,
            "IP": 10.5636,
            "UDP": 10.3664128,
            "success": 880.3
        },
        "54": {
            "lap_time": 178.26345784664153,
            "IP": 11.6844,
            "UDP": 11.466291199999999,
            "success": 973.7
        }
    }
}