{
    "version": "IEEE802dot11Version.a",
    "duration": 10000000,
    "device": 20,
    "count": 1,
    "result": {
        "6": {
            "lap_time": 4.705321550369263,
            "IP": 3.966,
            "UDP": 3.891968,
            "success": 6610.0
        },
        "9": {
            "lap_time": 6.822436332702637,
            "IP": 5.7864,
            "UDP": 5.6783872,
            "success": 9644.0
        },
        "12": {
            "lap_time": 8.672018766403198,
            "IP": 7.5588,
            "UDP": 7.4177024,
            "success": 12598.0
        },
        "18": {
            "lap_time": 12.191849946975708,
            "IP": 10.9392,
            "UDP": 10.7350016,
            "success": 18232.0
        },
        "24": {
            "lap_time": 14.30016279220581,
            "IP": 13.9692,
            "UDP": 13.7084416,
            "success": 23282.0
        },
        "36": {
            "lap_time": 18.81860113143921,
            "IP": 19.5684,
            "UDP": 19.2031232,
            "success": 32614.0
        },
        "48": {
            "lap_time": 22.136497259140015,
            "IP": 24.072,
            "UDP": 23.622656,
            "success": 40120.0
        },
        "54": {
            "lap_time": 23.819063425064087,
            "IP": 26.5284,
            "UDP": 26.0332032,
            "success": 44214.0
        }
    }
}