{
    "version": "IEEE802dot11Version.a",
    "duration": 10000000,
    "device": 70,
    "count": 1,
    "result": {
        "6": {
            "lap_time": 16.59407663345337,
            "IP": 3.2292,
            "UDP": 3.1689216,
            "success": 5382.0
        },
        "9": {
            "lap_time": 24.179283380508423,
            "IP": 4.74,
            "UDP": 4.65152,
            "success": 7900.0
        },
        "12": {
            "lap_time": 31.02882409095764,
            "IP": 6.1992,
            "UDP": 6.0834816,
            "success": 10332.0
        },
        "18": {
            "lap_time": 42.91710615158081,
            "IP": 8.9736,
            "UDP": 8.8060928,
            "success": 14956.0
        },
        "24": {
            "lap_time": 52.78396725654602,
            "IP": 11.4828,
            "UDP": 11.2684544,
            "success": 19138.0
        },
        "36": {
            "lap_time": 71.3162031173706,
            "IP": 16.2444,
            "UDP": 15.9411712,
            "success": 27074.0
        },
        "48": {
            "lap_time": 86.11352515220642,
            "IP": 20.1816,
            "UDP": 19.8048768,
            "success": 33636.0
        },
        "54": {
            "lap_time": 95.07573699951172,
            "IP": 22.2276,
            "UDP": 21.8126848,
            "success": 37046.0
        }
    }
}