{
    "version": "IEEE802dot11Version.a",
    "duration": 1000000,
    "device": 80,
    "count": 10,
    "result": {
        "6": {
            "lap_time": 52.704308080673215,
            "IP": 1.2912,
            "UDP": 1.2670976,
            "success": 107.6
        },
        "9": {
            "lap_time": 81.3591570854187,
            "IP": 2.0352,
            "UDP": 1.9972096000000001,
            "success": 169.6
        },
        "12": {
            "lap_time": 107.85831623077392,
            "IP": 2.7,
            "UDP": 2.6496,
            "success": 225.0
        },
        "18": {
            "lap_time": 162.68477973937988,
            "IP": 4.014,
            "UDP": 3.939072,
            "success": 334.5
        },
        "24": {
            "lap_time": 213.3934830904007,
            "IP": 5.2332,
            "UDP": 5.1355135999999995,
            "success": 436.1
        },
        "36": {
            "lap_time": 318.5977942466736,
            "IP": 7.614,
            "UDP": 7.471872,
            "success": 634.5
        },
        "48": {
            "lap_time": 400.31847298145294,
            "IP": 9.354,
            "UDP": 9.179392,
            "success": 779.5
        },
        "54": {
            "lap_time": 443.6746634483337,
            "IP": 10.5444,
            "UDP": 10.347571199999999,
            "success": 878.7
        }
    }
}