{
    "version": "IEEE802dot11Version.a",
    "duration": 1000000,
    "device": 10,
    "count": 10,
    "result": {
        "6": {
            "lap_time": 20.29736759662628,
            "IP": 3.8532,
            "UDP": 3.7812736,
            "success": 321.1
        },
        "9": {
            "lap_time": 35.70314033031464,
            "IP": 5.6832,
            "UDP": 5.5771136,
            "success": 473.6
        },
        "12": {
            "lap_time": 54.157677340507504,
            "IP": 7.4808,
            "UDP": 7.3411584,
            "success": 623.4
        },
        "18": {
            "lap_time": 96.56498520374298,
            "IP": 10.8144,
            "UDP": 10.6125312,
            "success": 901.2
        },
        "24": {
            "lap_time": 143.97197082042695,
            "IP": 13.7436,
            "UDP": 13.4870528,
            "success": 1145.3
        },
        "36": {
            "lap_time": 258.7060725212097,
            "IP": 19.2684,
            "UDP": 18.9087232,
            "success": 1605.7
        },
        "48": {
            "lap_time": 375.39202716350553,
            "IP": 23.9136,
            "UDP": 23.467212800000002,
            "success": 1992.8
        },
        "54": {
            "lap_time": 420.92815606594087,
            "IP": 26.1756,
            "UDP": 25.6869888,
            "success": 2181.3
        }
    }
}