{
    "version": "IEEE802dot11Version.a",
    "duration": 1000000,
    "device": 5,
    "count": 10,
    "result": {
        "6": {
            "lap_time": 18.68107008934021,
            "IP": 4.6164,
            "UDP": 4.530227200000001,
            "success": 384.7
        },
        "9": {
            "lap_time": 35.43126537799835,
            "IP": 6.8172,
            "UDP": 6.6899456,
            "success": 568.1
        },
        "12": {
            "lap_time": 55.68123979568482,
            "IP": 8.8248,
            "UDP": 8.6600704,
            "success": 735.4
        },
        "18": {
            "lap_time": 103.96020672321319,
            "IP": 12.66,
            "UDP": 12.42368,
            "success": 1055.0
        },
        "24": {
            "lap_time": 159.66159846782685,
            "IP": 16.0728,
            "UDP": 15.772774400000001,
            "success": 1339.4
        },
        "36": {
            "lap_time": 295.75022344589235,
            "IP": 22.4124,
            "UDP": 21.9940352,
            "success": 1867.7
        },
        "48": {
            "lap_time": 432.19536035060884,
            "IP": 27.5364,
            "UDP": 27.0223872,
            "success": 2294.7
        },
        "54": {
            "lap_time": 484.58643033504484,
            "IP": 30.15,
            "UDP": 29.5872,
            "success": 2512.5
        }
    }
}