{
    "version": "IEEE802dot11Version.a",
    "duration": 10000000,
    "device": 40,
    "count": 1,
    "result": {
        "6": {
            "lap_time": 8.328171968460083,
            "IP": 3.5268,
            "UDP": 3.4609664,
            "success": 5878.0
        },
        "9": {
            "lap_time": 12.221355199813843,
            "IP": 5.2056,
            "UDP": 5.1084288,
            "success": 8676.0
        },
        "12": {
            "lap_time": 15.243921279907227,
            "IP": 6.804,
            "UDP": 6.676992,
            "success": 11340.0
        },
        "18": {
            "lap_time": 20.67657732963562,
            "IP": 9.8412,
            "UDP": 9.6574976,
            "success": 16402.0
        },
        "24": {
            "lap_time": 25.203264713287354,
            "IP": 12.6204,
            "UDP": 12.3848192,
            "success": 21034.0
        },
        "36": {
            "lap_time": 33.60809922218323,
            "IP": 17.7624,
            "UDP": 17.4308352,
            "success": 29604.0
        },
        "48": {
            "lap_time": 40.195868730545044,
            "IP": 22.0932,
            "UDP": 21.6807936,
            "success": 36822.0
        },
        "54": {
            "lap_time": 44.0794460773468,
            "IP": 24.2724,
            "UDP": 23.8193152,
            "success": 40454.0
        }
    }
}