{
    "version": "IEEE802dot11Version.a",
    "duration": 10000000,
    "device": 60,
    "count": 1,
    "result": {
        "6": {
            "lap_time": 13.836995601654053,
            "IP": 3.294,
            "UDP": 3.232512,
            "success": 5490.0
        },
        "9": {
            "lap_time": 19.883674144744873,
            "IP": 4.8588,
            "UDP": 4.7681024,
            "success": 8098.0
        },
        "12": {
            "lap_time": 24.972469329833984,
            "IP": 6.408,
            "UDP": 6.288384,
            "success": 10680.0
        },
        "18": {
            "lap_time": 34.83771800994873,
            "IP": 9.2172,
            "UDP": 9.0451456,
            "success": 15362.0
        },
        "24": {
            "lap_time": 43.58249473571777,
            "IP": 11.8356,
            "UDP": 11.6146688,
            "success": 19726.0
        },
        "36": {
            "lap_time": 58.35140943527222,
            "IP": 16.7124,
            "UDP": 16.4004352,
            "success": 27854.0
        },
        "48": {
            "lap_time": 73.1512668132782,
            "IP": 20.7492,
            "UDP": 20.3618816,
            "success": 34582.0
        },
        "54": {
            "lap_time": 75.66462564468384,
            "IP": 22.7712,
            "UDP": 22.3461376,
            "success": 37952.0
        }
    }
}