{
    "version": "IEEE802dot11Version.a",
    "duration": 1000000,
    "device": 60,
    "count": 10,
    "result": {
        "6": {
            "lap_time": 42.82516868114472,
            "IP": 1.6332,
            "UDP": 1.6027136000000002,
            "success": 136.1
        },
        "9": {
            "lap_time": 67.0955866098404,
            "IP": 2.5464,
            "UDP": 2.4988672000000003,
            "success": 212.2
        },
        "12": {
            "lap_time": 90.24840433597565,
            "IP": 3.3876,
            "UDP": 3.3243647999999997,
            "success": 282.3
        },
        "18": {
            "lap_time": 138.37292840480805,
            "IP": 5.0544,
            "UDP": 4.9600512000000005,
            "success": 421.2
        },
        "24": {
            "lap_time": 185.8032972097397,
            "IP": 6.6,
            "UDP": 6.4768,
            "success": 550.0
        },
        "36": {
            "lap_time": 277.610382604599,
            "IP": 9.4128,
            "UDP": 9.2370944,
            "success": 784.4
        },
        "48": {
            "lap_time": 360.0690171957016,
            "IP": 11.7684,
            "UDP": 11.5487232,
            "success": 980.7
        },
        "54": {
            "lap_time": 398.63746984004973,
            "IP": 13.0584,
            "UDP": 12.814643199999999,
            "success": 1088.2
        }
    }
}