{
    "version": "IEEE802dot11Version.a",
    "duration": 1000000,
    "device": 80,
    "count": 10,
    "result": {
        "6": {
            "lap_time": 38.1927734375,
            "IP": 0.528,
            "UDP": 0.518144,
            "success": 44.0
        },
        "9": {
            "lap_time": 56.83565626144409,
            "IP": 0.7752,
            "UDP": 0.7607296,
            "success": 64.6
        },
        "12": {
            "lap_time": 77.4317828655243,
            "IP": 1.1196,
            "UDP": 1.0987008,
            "success": 93.3
        },
        "18": {
            "lap_time": 113.17986903190612,
            "IP": 1.554,
            "UDP": 1.524992,
            "success": 129.5
        },
        "24": {
            "lap_time": 147.6437329530716,
            "IP": 2.01,
            "UDP": 1.97248,
            "success": 167.5
        },
        "36": {
            "lap_time": 212.8448842048645,
            "IP": 2.9028,
            "UDP": 2.8486143999999998,
            "success": 241.9
        },
        "48": {
            "lap_time": 269.03210146427153,
            "IP": 3.7356,
            "UDP": 3.6658687999999997,
            "success": 311.3
        },
        "54": {
            "lap_time": 280.8289448976517,
            "IP": 3.9792,
            "UDP": 3.9049216,
            "success": 331.6
        }
    }
}