{
    "version": "IEEE802dot11Version.a",
    "duration": 1000000,
    "device": 20,
    "count": 10,
    "result": {
        "6": {
            "lap_time": 0.5926201105117798,
            "IP": 3.7848,
            "UDP": 3.7141504,
            "success": 630.8
        },
        "9": {
            "lap_time": 0.8467444181442261,
            "IP": 5.5776,
            "UDP": 5.4734848,
            "success": 929.6
        },
        "12": {
            "lap_time": 1.1637973546981812,
            "IP": 7.344,
            "UDP": 7.206912,
            "success": 1224.0
        },
        "18": {
            "lap_time": 1.6679594039916992,
            "IP": 10.7292,
            "UDP": 10.5289216,
            "success": 1788.2
        },
        "24": {
            "lap_time": 2.106413388252258,
            "IP": 13.7904,
            "UDP": 13.5329792,
            "success": 2298.4
        },
        "36": {
            "lap_time": 2.934544324874878,
            "IP": 19.3272,
            "UDP": 18.9664256,
            "success": 3221.2
        },
        "48": {
            "lap_time": 3.55834755897522,
            "IP": 24.0096,
            "UDP": 23.5614208,
            "success": 4001.6
        },
        "54": {
            "lap_time": 3.3368498563766478,
            "IP": 26.3616,
            "UDP": 25.8695168,
            "success": 4393.6
        }
    }
}