{
    "version": "IEEE802dot11Version.a",
    "duration": 1000000,
    "device": 2,
    "count": 10,
    "result": {
        "6": {
            "lap_time": 0.1554809808731079,
            "IP": 5.3748,
            "UDP": 5.2744704,
            "success": 895.8
        },
        "9": {
            "lap_time": 0.22516708374023436,
            "IP": 7.7964,
            "UDP": 7.6508672,
            "success": 1299.4
        },
        "12": {
            "lap_time": 0.29489727020263673,
            "IP": 10.0428,
            "UDP": 9.8553344,
            "success": 1673.8
        },
        "18": {
            "lap_time": 0.39786300659179685,
            "IP": 14.1708,
            "UDP": 13.9062784,
            "success": 2361.8
        },
        "24": {
            "lap_time": 0.5517165899276734,
            "IP": 17.6844,
            "UDP": 17.3542912,
            "success": 2947.4
        },
        "36": {
            "lap_time": 0.7061635255813599,
            "IP": 23.9064,
            "UDP": 23.460147199999998,
            "success": 3984.4
        },
        "48": {
            "lap_time": 0.834240198135376,
            "IP": 28.6956,
            "UDP": 28.159948800000002,
            "success": 4782.6
        },
        "54": {
            "lap_time": 0.7587223291397095,
            "IP": 31.0572,
            "UDP": 30.477465600000002,
            "success": 5176.2
        }
    }
}