{
    "version": "IEEE802dot11Version.a",
    "duration": 1000000,
    "device": 40,
    "count": 10,
    "result": {
        "6": {
            "lap_time": 27.83492019176483,
            "IP": 1.6896,
            "UDP": 1.6580608000000001,
            "success": 140.8
        },
        "9": {
            "lap_time": 43.24233558177948,
            "IP": 2.5848,
            "UDP": 2.5365504,
            "success": 215.4
        },
        "12": {
            "lap_time": 58.13872706890106,
            "IP": 3.3804,
            "UDP": 3.3172992000000003,
            "success": 281.7
        },
        "18": {
            "lap_time": 88.78310751914978,
            "IP": 4.926,
            "UDP": 4.834048,
            "success": 410.5
        },
        "24": {
            "lap_time": 119.1310887336731,
            "IP": 6.3336,
            "UDP": 6.2153728,
            "success": 527.8
        },
        "36": {
            "lap_time": 183.97234709262847,
            "IP": 9.0972,
            "UDP": 8.9273856,
            "success": 758.1
        },
        "48": {
            "lap_time": 240.3317570924759,
            "IP": 11.322,
            "UDP": 11.110656,
            "success": 943.5
        },
        "54": {
            "lap_time": 263.791139960289,
            "IP": 12.6048,
            "UDP": 12.369510400000001,
            "success": 1050.4
        }
    }
}