{
    "version": "IEEE802dot11Version.a",
    "duration": 1000000,
    "device": 50,
    "count": 10,
    "result": {
        "6": {
            "lap_time": 29.84408724308014,
            "IP": 1.284,
            "UDP": 1.260032,
            "success": 107.0
        },
        "9": {
            "lap_time": 46.06880581378937,
            "IP": 1.9884,
            "UDP": 1.9512832,
            "success": 165.7
        },
        "12": {
            "lap_time": 61.224349927902225,
            "IP": 2.5932,
            "UDP": 2.5447936,
            "success": 216.1
        },
        "18": {
            "lap_time": 91.44770386219025,
            "IP": 3.768,
            "UDP": 3.697664,
            "success": 314.0
        },
        "24": {
            "lap_time": 122.4876443862915,
            "IP": 4.9296,
            "UDP": 4.8375808,
            "success": 410.8
        },
        "36": {
            "lap_time": 179.72992010116576,
            "IP": 6.9468,
            "UDP": 6.8171264,
            "success": 578.9
        },
        "48": {
            "lap_time": 233.05632371902465,
            "IP": 8.7912,
            "UDP": 8.627097599999999,
            "success": 732.6
        },
        "54": {
            "lap_time": 250.1882056713104,
            "IP": 9.6528,
            "UDP": 9.472614400000001,
            "success": 804.4
        }
    }
}