{
    "version": "IEEE802dot11Version.a",
    "duration": 10000000,
    "device": 10,
    "count": 1,
    "result": {
        "6": {
            "lap_time": 2.565690517425537,
            "IP": 4.3488,
            "UDP": 4.2676224,
            "success": 7248.0
        },
        "9": {
            "lap_time": 3.7313780784606934,
            "IP": 6.3696,
            "UDP": 6.2507008,
            "success": 10616.0
        },
        "12": {
            "lap_time": 4.7262279987335205,
            "IP": 8.3376,
            "UDP": 8.1819648,
            "success": 13896.0
        },
        "18": {
            "lap_time": 6.357801198959351,
            "IP": 11.9424,
            "UDP": 11.7194752,
            "success": 19904.0
        },
        "24": {
            "lap_time": 7.69510817527771,
            "IP": 15.2196,
            "UDP": 14.9355008,
            "success": 25366.0
        },
        "36": {
            "lap_time": 10.271686553955078,
            "IP": 21.264,
            "UDP": 20.867072,
            "success": 35440.0
        },
        "48": {
            "lap_time": 11.973284244537354,
            "IP": 26.1252,
            "UDP": 25.6375296,
            "success": 43542.0
        },
        "54": {
            "lap_time": 12.948491334915161,
            "IP": 28.6848,
            "UDP": 28.1493504,
            "success": 47808.0
        }
    }
}