{
    "version": "IEEE802dot11Version.a",
    "duration": 1000000,
    "device": 90,
    "count": 10,
    "result": {
        "6": {
            "lap_time": 3.3148817300796507,
            "IP": 2.4348,
            "UDP": 2.3893504,
            "success": 405.8
        },
        "9": {
            "lap_time": 5.1261368036270145,
            "IP": 3.852,
            "UDP": 3.780096,
            "success": 642.0
        },
        "12": {
            "lap_time": 6.7325739622116085,
            "IP": 5.2896,
            "UDP": 5.190860799999999,
            "success": 881.6
        },
        "18": {
            "lap_time": 10.158108353614807,
            "IP": 7.9524,
            "UDP": 7.8039552,
            "success": 1325.4
        },
        "24": {
            "lap_time": 13.061581802368163,
            "IP": 10.3284,
            "UDP": 10.135603199999998,
            "success": 1721.4
        },
        "36": {
            "lap_time": 18.646227478981018,
            "IP": 14.9148,
            "UDP": 14.6363904,
            "success": 2485.8
        },
        "48": {
            "lap_time": 23.43348569869995,
            "IP": 18.6732,
            "UDP": 18.324633600000002,
            "success": 3112.2
        },
        "54": {
            "lap_time": 21.128818845748903,
            "IP": 20.694,
            "UDP": 20.307712,
            "success": 3449.0
        }
    }
}