{
    "version": "IEEE802dot11Version.a",
    "duration": 10000000,
    "device": 100,
    "count": 1,
    "result": {
        "6": {
            "lap_time": 26.470695734024048,
            "IP": 2.9748,
            "UDP": 2.9192704,
            "success": 4958.0
        },
        "9": {
            "lap_time": 39.072227239608765,
            "IP": 4.3656,
            "UDP": 4.2841088,
            "success": 7276.0
        },
        "12": {
            "lap_time": 50.32051873207092,
            "IP": 5.6832,
            "UDP": 5.5771136,
            "success": 9472.0
        },
        "18": {
            "lap_time": 72.05371236801147,
            "IP": 8.4,
            "UDP": 8.2432,
            "success": 14000.0
        },
        "24": {
            "lap_time": 90.77197527885437,
            "IP": 10.6464,
            "UDP": 10.4476672,
            "success": 17744.0
        },
        "36": {
            "lap_time": 122.56399178504944,
            "IP": 15.1128,
            "UDP": 14.8306944,
            "success": 25188.0
        },
        "48": {
            "lap_time": 153.81144857406616,
            "IP": 18.816,
            "UDP": 18.464768,
            "success": 31360.0
        },
        "54": {
            "lap_time": 167.49042677879333,
            "IP": 20.892,
            "UDP": 20.502016,
            "success": 34820.0
        }
    }
}