{
    "version": "IEEE802dot11Version.a",
    "duration": 10000000,
    "device": 50,
    "count": 1,
    "result": {
        "6": {
            "lap_time": 9.923844337463379,
            "IP": 3.42,
            "UDP": 3.35616,
            "success": 5700.0
        },
        "9": {
            "lap_time": 14.487961292266846,
            "IP": 5.034,
            "UDP": 4.940032,
            "success": 8390.0
        },
        "12": {
            "lap_time": 18.165337324142456,
            "IP": 6.57,
            "UDP": 6.44736,
            "success": 10950.0
        },
        "18": {
            "lap_time": 28.95658016204834,
            "IP": 9.6156,
            "UDP": 9.4361088,
            "success": 16026.0
        },
        "24": {
            "lap_time": 32.09091114997864,
            "IP": 12.1956,
            "UDP": 11.9679488,
            "success": 20326.0
        },
        "36": {
            "lap_time": 43.20978331565857,
            "IP": 17.1744,
            "UDP": 16.8538112,
            "success": 28624.0
        },
        "48": {
            "lap_time": 52.56899118423462,
            "IP": 21.2568,
            "UDP": 20.8600064,
            "success": 35428.0
        },
        "54": {
            "lap_time": 57.80351710319519,
            "IP": 23.6244,
            "UDP": 23.1834112,
            "success": 39374.0
        }
    }
}