{
    "version": "IEEE802dot11Version.a",
    "duration": 1000000,
    "device": 5,
    "count": 10,
    "result": {
        "6": {
            "lap_time": 0.21415286064147948,
            "IP": 4.7676,
            "UDP": 4.6786048,
            "success": 794.6
        },
        "9": {
            "lap_time": 0.3128178119659424,
            "IP": 6.954,
            "UDP": 6.824192,
            "success": 1159.0
        },
        "12": {
            "lap_time": 0.40551636219024656,
            "IP": 9.0468,
            "UDP": 8.8779264,
            "success": 1507.8
        },
        "18": {
            "lap_time": 0.5777793884277344,
            "IP": 13.0104,
            "UDP": 12.7675392,
            "success": 2168.4
        },
        "24": {
            "lap_time": 0.7630604267120361,
            "IP": 16.446,
            "UDP": 16.139008,
            "success": 2741.0
        },
        "36": {
            "lap_time": 1.0618860483169557,
            "IP": 22.8216,
            "UDP": 22.3955968,
            "success": 3803.6
        },
        "48": {
            "lap_time": 1.2496512413024903,
            "IP": 28.0488,
            "UDP": 27.525222399999997,
            "success": 4674.8
        },
        "54": {
            "lap_time": 1.1863530158996582,
            "IP": 30.8016,
            "UDP": 30.2266368,
            "success": 5133.6
        }
    }
}