{
    "version": "IEEE802dot11Version.a",
    "duration": 10000000,
    "device": 80,
    "count": 1,
    "result": {
        "6": {
            "lap_time": 19.6826593875885,
            "IP": 3.0588,
            "UDP": 3.0017024,
            "success": 5098.0
        },
        "9": {
            "lap_time": 28.650058269500732,
            "IP": 4.5936,
            "UDP": 4.5078528,
            "success": 7656.0
        },
        "12": {
            "lap_time": 37.210524559020996,
            "IP": 6.0888,
            "UDP": 5.9751424,
            "success": 10148.0
        },
        "18": {
            "lap_time": 52.01287007331848,
            "IP": 8.7576,
            "UDP": 8.5941248,
            "success": 14596.0
        },
        "24": {
            "lap_time": 64.20757269859314,
            "IP": 11.1912,
            "UDP": 10.9822976,
            "success": 18652.0
        },
        "36": {
            "lap_time": 84.59680962562561,
            "IP": 15.8376,
            "UDP": 15.5419648,
            "success": 26396.0
        },
        "48": {
            "lap_time": 103.40842485427856,
            "IP": 19.824,
            "UDP": 19.453952,
            "success": 33040.0
        },
        "54": {
            "lap_time": 113.23273205757141,
            "IP": 21.7032,
            "UDP": 21.2980736,
            "success": 36172.0
        }
    }
}