{
    "version": "IEEE802dot11Version.a",
    "duration": 1000000,
    "device": 50,
    "count": 10,
    "result": {
        "6": {
            "lap_time": 1.4610206842422486,
            "IP": 2.9724,
            "UDP": 2.9169152,
            "success": 495.4
        },
        "9": {
            "lap_time": 2.298136019706726,
            "IP": 4.6164,
            "UDP": 4.530227200000001,
            "success": 769.4
        },
        "12": {
            "lap_time": 2.9428340911865236,
            "IP": 6.138,
            "UDP": 6.023424,
            "success": 1023.0
        },
        "18": {
            "lap_time": 4.486206769943237,
            "IP": 9.0984,
            "UDP": 8.9285632,
            "success": 1516.4
        },
        "24": {
            "lap_time": 6.076781439781189,
            "IP": 11.9016,
            "UDP": 11.679436800000001,
            "success": 1983.6
        },
        "36": {
            "lap_time": 8.630194330215454,
            "IP": 16.7076,
            "UDP": 16.3957248,
            "success": 2784.6
        },
        "48": {
            "lap_time": 10.544364762306213,
            "IP": 20.9496,
            "UDP": 20.5585408,
            "success": 3491.6
        },
        "54": {
            "lap_time": 9.955645108222962,
            "IP": 23.1036,
            "UDP": 22.6723328,
            "success": 3850.6
        }
    }
}