{
    "version": "IEEE802dot11Version.a",
    "duration": 1000000,
    "device": 60,
    "count": 10,
    "result": {
        "6": {
            "lap_time": 33.15852169990539,
            "IP": 0.9852,
            "UDP": 0.9668095999999999,
            "success": 82.1
        },
        "9": {
            "lap_time": 49.65976293087006,
            "IP": 1.4784,
            "UDP": 1.4508032,
            "success": 123.2
        },
        "12": {
            "lap_time": 64.64634132385254,
            "IP": 1.8984,
            "UDP": 1.8629632,
            "success": 158.2
        },
        "18": {
            "lap_time": 96.02654161453248,
            "IP": 2.8296,
            "UDP": 2.7767807999999996,
            "success": 235.8
        },
        "24": {
            "lap_time": 126.12083284854889,
            "IP": 3.6864,
            "UDP": 3.6175872,
            "success": 307.2
        },
        "36": {
            "lap_time": 184.87094144821168,
            "IP": 5.2968,
            "UDP": 5.1979264,
            "success": 441.4
        },
        "48": {
            "lap_time": 232.00392878055573,
            "IP": 6.5364,
            "UDP": 6.4143872,
            "success": 544.7
        },
        "54": {
            "lap_time": 251.19911007881166,
            "IP": 7.3392,
            "UDP": 7.2022015999999995,
            "success": 611.6
        }
    }
}