{
    "version": "IEEE802dot11Version.a",
    "duration": 1000000,
    "device": 40,
    "count": 10,
    "result": {
        "6": {
            "lap_time": 1.129725742340088,
            "IP": 3.2136,
            "UDP": 3.1536128,
            "success": 535.6
        },
        "9": {
            "lap_time": 1.8050820589065553,
            "IP": 4.8792,
            "UDP": 4.788121599999999,
            "success": 813.2
        },
        "12": {
            "lap_time": 2.3697978973388674,
            "IP": 6.4536,
            "UDP": 6.3331328,
            "success": 1075.6
        },
        "18": {
            "lap_time": 3.2796618223190306,
            "IP": 9.4932,
            "UDP": 9.315993599999999,
            "success": 1582.2
        },
        "24": {
            "lap_time": 4.282598924636841,
            "IP": 12.3528,
            "UDP": 12.1222144,
            "success": 2058.8
        },
        "36": {
            "lap_time": 5.917751502990723,
            "IP": 17.2968,
            "UDP": 16.9739264,
            "success": 2882.8
        },
        "48": {
            "lap_time": 7.3225038051605225,
            "IP": 21.7032,
            "UDP": 21.298073600000002,
            "success": 3617.2
        },
        "54": {
            "lap_time": 6.859300971031189,
            "IP": 23.898,
            "UDP": 23.451904,
            "success": 3983.0
        }
    }
}