{
    "version": "IEEE802dot11Version.a",
    "duration": 10000000,
    "device": 30,
    "count": 1,
    "result": {
        "6": {
            "lap_time": 6.862840890884399,
            "IP": 3.708,
            "UDP": 3.638784,
            "success": 6180.0
        },
        "9": {
            "lap_time": 9.687605619430542,
            "IP": 5.4732,
            "UDP": 5.3710336,
            "success": 9122.0
        },
        "12": {
            "lap_time": 12.254980087280273,
            "IP": 7.1292,
            "UDP": 6.9961216,
            "success": 11882.0
        },
        "18": {
            "lap_time": 16.967841625213623,
            "IP": 10.2984,
            "UDP": 10.1061632,
            "success": 17164.0
        },
        "24": {
            "lap_time": 21.1715886592865,
            "IP": 13.14,
            "UDP": 12.89472,
            "success": 21900.0
        },
        "36": {
            "lap_time": 27.017685651779175,
            "IP": 18.6168,
            "UDP": 18.2692864,
            "success": 31028.0
        },
        "48": {
            "lap_time": 31.966728448867798,
            "IP": 22.9644,
            "UDP": 22.5357312,
            "success": 38274.0
        },
        "54": {
            "lap_time": 34.508564710617065,
            "IP": 25.3908,
            "UDP": 24.9168384,
            "success": 42318.0
        }
    }
}