{
    "version": "IEEE802dot11Version.a",
    "duration": 1000000,
    "device": 30,
    "count": 10,
    "result": {
        "6": {
            "lap_time": 0.838862133026123,
            "IP": 3.45,
            "UDP": 3.3856,
            "success": 575.0
        },
        "9": {
            "lap_time": 1.3236643075942993,
            "IP": 5.1804,
            "UDP": 5.0836992,
            "success": 863.4
        },
        "12": {
            "lap_time": 1.719673991203308,
            "IP": 6.8616,
            "UDP": 6.733516799999999,
            "success": 1143.6
        },
        "18": {
            "lap_time": 2.4568437576293944,
            "IP": 10.0656,
            "UDP": 9.8777088,
            "success": 1677.6
        },
        "24": {
            "lap_time": 3.1003116607666015,
            "IP": 12.9432,
            "UDP": 12.701593599999999,
            "success": 2157.2
        },
        "36": {
            "lap_time": 4.334679484367371,
            "IP": 18.2928,
            "UDP": 17.951334399999997,
            "success": 3048.8
        },
        "48": {
            "lap_time": 5.31497597694397,
            "IP": 22.7832,
            "UDP": 22.3579136,
            "success": 3797.2
        },
        "54": {
            "lap_time": 4.9558912992477415,
            "IP": 24.9036,
            "UDP": 24.4387328,
            "success": 4150.6
        }
    }
}