{
    "version": "IEEE802dot11Version.a",
    "duration": 10000000,
    "device": 90,
    "count": 1,
    "result": {
        "6": {
            "lap_time": 22.82780385017395,
            "IP": 3.0324,
            "UDP": 2.9757952,
            "success": 5054.0
        },
        "9": {
            "lap_time": 33.55086660385132,
            "IP": 4.4988,
            "UDP": 4.4148224,
            "success": 7498.0
        },
        "12": {
            "lap_time": 43.48114895820618,
            "IP": 5.826,
            "UDP": 5.717248,
            "success": 9710.0
        },
        "18": {
            "lap_time": 61.16320085525513,
            "IP": 8.562,
            "UDP": 8.402176,
            "success": 14270.0
        },
        "24": {
            "lap_time": 76.29131054878235,
            "IP": 10.9824,
            "UDP": 10.7773952,
            "success": 18304.0
        },
        "36": {
            "lap_time": 103.25119256973267,
            "IP": 15.414,
            "UDP": 15.126272,
            "success": 25690.0
        },
        "48": {
            "lap_time": 128.07958054542542,
            "IP": 19.2504,
            "UDP": 18.8910592,
            "success": 32084.0
        },
        "54": {
            "lap_time": 137.5037899017334,
            "IP": 21.18,
            "UDP": 20.78464,
            "success": 35300.0
        }
    }
}