{
    "version": "IEEE802dot11Version.a",
    "duration": 1000000,
    "device": 100,
    "count": 10,
    "result": {
        "6": {
            "lap_time": 60.91942882537842,
            "IP": 0.9684,
            "UDP": 0.9503231999999999,
            "success": 80.7
        },
        "9": {
            "lap_time": 95.12211167812347,
            "IP": 1.5804,
            "UDP": 1.5508992,
            "success": 131.7
        },
        "12": {
            "lap_time": 128.7041658639908,
            "IP": 2.1708,
            "UDP": 2.1302784,
            "success": 180.9
        },
        "18": {
            "lap_time": 188.9555477142334,
            "IP": 3.1392,
            "UDP": 3.0806016,
            "success": 261.6
        },
        "24": {
            "lap_time": 247.65290987491608,
            "IP": 4.152,
            "UDP": 4.074496,
            "success": 346.0
        },
        "36": {
            "lap_time": 361.77276573181155,
            "IP": 6.0048,
            "UDP": 5.8927104,
            "success": 500.4
        },
        "48": {
            "lap_time": 459.3893476486206,
            "IP": 7.53,
            "UDP": 7.38944,
            "success": 627.5
        },
        "54": {
            "lap_time": 492.7322295188904,
            "IP": 8.3748,
            "UDP": 8.218470400000001,
            "success": 697.9
        }
    }
}