{
    "version": "IEEE802dot11Version.a",
    "duration": 1000000,
    "device": 40,
    "count": 10,
    "result": {
        "6": {
            "lap_time": 34.99040324687958,
            "IP": 2.2356,
            "UDP": 2.1938687999999997,
            "success": 186.3
        },
        "9": {
            "lap_time": 54.912409043312074,
            "IP": 3.384,
            "UDP": 3.320832,
            "success": 282.0
        },
        "12": {
            "lap_time": 74.89527833461761,
            "IP": 4.428,
            "UDP": 4.345344,
            "success": 369.0
        },
        "18": {
            "lap_time": 115.9707585811615,
            "IP": 6.4608,
            "UDP": 6.3401984,
            "success": 538.4
        },
        "24": {
            "lap_time": 158.13423998355864,
            "IP": 8.3628,
            "UDP": 8.2066944,
            "success": 696.9
        },
        "36": {
            "lap_time": 248.9561646461487,
            "IP": 11.964,
            "UDP": 11.740672,
            "success": 997.0
        },
        "48": {
            "lap_time": 330.92774906158445,
            "IP": 14.8764,
            "UDP": 14.5987072,
            "success": 1239.7
        },
        "54": {
            "lap_time": 362.57447321414946,
            "IP": 16.488,
            "UDP": 16.180224,
            "success": 1374.0
        }
    }
}