{
    "version": "IEEE802dot11Version.a",
    "duration": 1000000,
    "device": 70,
    "count": 10,
    "result": {
        "6": {
            "lap_time": 47.61842284202576,
            "IP": 1.4616,
            "UDP": 1.4343168,
            "success": 121.8
        },
        "9": {
            "lap_time": 74.02829728126525,
            "IP": 2.298,
            "UDP": 2.255104,
            "success": 191.5
        },
        "12": {
            "lap_time": 98.47174978256226,
            "IP": 3.0228,
            "UDP": 2.9663744,
            "success": 251.9
        },
        "18": {
            "lap_time": 149.9658541202545,
            "IP": 4.5276,
            "UDP": 4.443084799999999,
            "success": 377.3
        },
        "24": {
            "lap_time": 199.12468407154083,
            "IP": 5.8944,
            "UDP": 5.7843712,
            "success": 491.2
        },
        "36": {
            "lap_time": 296.13389337062836,
            "IP": 8.4336,
            "UDP": 8.2761728,
            "success": 702.8
        },
        "48": {
            "lap_time": 380.81177229881285,
            "IP": 10.5636,
            "UDP": 10.3664128,
            "success": 880.3
        },
        "54": {
            "lap_time": 418.20457487106324,
            "IP": 11.6844,
            "UDP": 11.466291199999999,
            "success": 973.7
        }
    }
}