{
    "version": "IEEE802dot11Version.a",
    "duration": 1000000,
    "device": 2,
    "count": 10,
    "result": {
        "6": {
            "lap_time": 20.980912041664123,
            "IP": 5.3772,
            "UDP": 5.2768256,
            "success": 448.1
        },
        "9": {
            "lap_time": 39.2064147233963,
            "IP": 7.7892,
            "UDP": 7.6438016,
            "success": 649.1
        },
        "12": {
            "lap_time": 60.547514939308165,
            "IP": 10.0416,
            "UDP": 9.8541568,
            "success": 836.8
        },
        "18": {
            "lap_time": 114.51350853443145,
            "IP": 14.1648,
            "UDP": 13.900390400000001,
            "success": 1180.4
        },
        "24": {
            "lap_time": 181.69933915138245,
            "IP": 17.6796,
            "UDP": 17.349580800000002,
            "success": 1473.3
        },
        "36": {
            "lap_time": 328.57553606033326,
            "IP": 23.8368,
            "UDP": 23.3918464,
            "success": 1986.4
        },
        "48": {
            "lap_time": 446.2028970003128,
            "IP": 28.6572,
            "UDP": 28.122265600000002,
            "success": 2388.1
        },
        "54": {
            "lap_time": 483.90636866092683,
            "IP": 31.0296,
            "UDP": 30.4503808,
            "success": 2585.8
        }
    }
}