{
    "version": "IEEE802dot11Version.a",
    "duration": 1000000,
    "device": 10,
    "count": 10,
    "result": {
        "6": {
            "lap_time": 19.934344506263734,
            "IP": 3.8376,
            "UDP": 3.7659648,
            "success": 319.8
        },
        "9": {
            "lap_time": 34.98748378753662,
            "IP": 5.676,
            "UDP": 5.570048,
            "success": 473.0
        },
        "12": {
            "lap_time": 51.65781238079071,
            "IP": 7.3476,
            "UDP": 7.210444799999999,
            "success": 612.3
        },
        "18": {
            "lap_time": 93.3518615245819,
            "IP": 10.6848,
            "UDP": 10.4853504,
            "success": 890.4
        },
        "24": {
            "lap_time": 138.44747965335847,
            "IP": 13.5528,
            "UDP": 13.2998144,
            "success": 1129.4
        },
        "36": {
            "lap_time": 251.88297657966615,
            "IP": 19.1556,
            "UDP": 18.7980288,
            "success": 1596.3
        },
        "48": {
            "lap_time": 364.20014972686766,
            "IP": 23.6136,
            "UDP": 23.1728128,
            "success": 1967.8
        },
        "54": {
            "lap_time": 412.5303905248642,
            "IP": 26.0136,
            "UDP": 25.5280128,
            "success": 2167.8
        }
    }
}