{
    "version": "IEEE802dot11Version.a",
    "duration": 1000000,
    "device": 50,
    "count": 10,
    "result": {
        "6": {
            "lap_time": 39.12676355838776,
            "IP": 1.9164,
            "UDP": 1.8806272,
            "success": 159.7
        },
        "9": {
            "lap_time": 60.696456122398374,
            "IP": 2.9112,
            "UDP": 2.8568576,
            "success": 242.6
        },
        "12": {
            "lap_time": 81.75277082920074,
            "IP": 3.828,
            "UDP": 3.756544,
            "success": 319.0
        },
        "18": {
            "lap_time": 126.65900146961212,
            "IP": 5.7048,
            "UDP": 5.598310400000001,
            "success": 475.4
        },
        "24": {
            "lap_time": 169.93524341583253,
            "IP": 7.3128,
            "UDP": 7.176294400000001,
            "success": 609.4
        },
        "36": {
            "lap_time": 262.93920361995697,
            "IP": 10.5324,
            "UDP": 10.3357952,
            "success": 877.7
        },
        "48": {
            "lap_time": 346.7993506669998,
            "IP": 13.2504,
            "UDP": 13.0030592,
            "success": 1104.2
        },
        "54": {
            "lap_time": 373.20988738536835,
            "IP": 14.5932,
            "UDP": 14.3207936,
            "success": 1216.1
        }
    }
}