{
    "version": "IEEE802dot11Version.a",
    "duration": 1000000,
    "device": 60,
    "count": 10,
    "result": {
        "6": {
            "lap_time": 1.9147236824035645,
            "IP": 2.796,
            "UDP": 2.743808,
            "success": 466.0
        },
        "9": {
            "lap_time": 3.2769245386123655,
            "IP": 4.3488,
            "UDP": 4.2676224000000005,
            "success": 724.8
        },
        "12": {
            "lap_time": 4.369072151184082,
            "IP": 5.9064,
            "UDP": 5.7961472,
            "success": 984.4
        },
        "18": {
            "lap_time": 6.15758638381958,
            "IP": 8.7192,
            "UDP": 8.5564416,
            "success": 1453.2
        },
        "24": {
            "lap_time": 7.817895221710205,
            "IP": 11.3952,
            "UDP": 11.1824896,
            "success": 1899.2
        },
        "36": {
            "lap_time": 11.38828091621399,
            "IP": 16.1244,
            "UDP": 15.823411199999999,
            "success": 2687.4
        },
        "48": {
            "lap_time": 14.647070860862732,
            "IP": 20.2536,
            "UDP": 19.875532800000002,
            "success": 3375.6
        },
        "54": {
            "lap_time": 13.557321977615356,
            "IP": 22.254,
            "UDP": 21.838592,
            "success": 3709.0
        }
    }
}