{
    "version": "IEEE802dot11Version.a",
    "duration": 1000000,
    "device": 100,
    "count": 10,
    "result": {
        "6": {
            "lap_time": 49.283777475357056,
            "IP": 0.2904,
            "UDP": 0.2849792,
            "success": 24.2
        },
        "9": {
            "lap_time": 73.1107483625412,
            "IP": 0.4152,
            "UDP": 0.40744959999999997,
            "success": 34.6
        },
        "12": {
            "lap_time": 97.67344224452972,
            "IP": 0.5808,
            "UDP": 0.5699584,
            "success": 48.4
        },
        "18": {
            "lap_time": 143.74329130649568,
            "IP": 0.7764,
            "UDP": 0.7619072,
            "success": 64.7
        },
        "24": {
            "lap_time": 187.7021292924881,
            "IP": 1.0032,
            "UDP": 0.9844736,
            "success": 83.6
        },
        "36": {
            "lap_time": 272.9661186695099,
            "IP": 1.5336,
            "UDP": 1.5049728,
            "success": 127.8
        },
        "48": {
            "lap_time": 343.9397685289383,
            "IP": 1.872,
            "UDP": 1.837056,
            "success": 156.0
        },
        "54": {
            "lap_time": 361.39200847148896,
            "IP": 2.0256,
            "UDP": 1.9877888000000001,
            "success": 168.8
        }
    }
}