{
    "version": "IEEE802dot11Version.a",
    "duration": 1000000,
    "device": 100,
    "count": 10,
    "result": {
        "6": {
            "lap_time": 3.914476728439331,
            "IP": 2.3136,
            "UDP": 2.2704128,
            "success": 385.6
        },
        "9": {
            "lap_time": 5.7784956932067875,
            "IP": 3.7368,
            "UDP": 3.6670464,
            "success": 622.8
        },
        "12": {
            "lap_time": 8.336532950401306,
            "IP": 5.0952,
            "UDP": 5.0000896,
            "success": 849.2
        },
        "18": {
            "lap_time": 13.006438398361206,
            "IP": 7.7196,
            "UDP": 7.5755007999999995,
            "success": 1286.6
        },
        "24": {
            "lap_time": 16.582169938087464,
            "IP": 10.128,
            "UDP": 9.938944,
            "success": 1688.0
        },
        "36": {
            "lap_time": 23.67098662853241,
            "IP": 14.4252,
            "UDP": 14.1559296,
            "success": 2404.2
        },
        "48": {
            "lap_time": 29.35057921409607,
            "IP": 18.2088,
            "UDP": 17.8689024,
            "success": 3034.8
        },
        "54": {
            "lap_time": 26.116590404510497,
            "IP": 20.2836,
            "UDP": 19.9049728,
            "success": 3380.6
        }
    }
}