{
    "version": "IEEE802dot11Version.a",
    "duration": 1000000,
    "device": 2,
    "count": 10,
    "result": {
        "6": {
            "lap_time": 0.1436471700668335,
            "IP": 5.3748,
            "UDP": 5.2744704,
            "success": 895.8
        },
        "9": {
            "lap_time": 0.2015207052230835,
            "IP": 7.7904,
            "UDP": 7.6449792,
            "success": 1298.4
        },
        "12": {
            "lap_time": 0.2588570356369019,
            "IP": 10.044,
            "UDP": 9.856512,
            "success": 1674.0
        },
        "18": {
            "lap_time": 0.391707444190979,
            "IP": 14.1696,
            "UDP": 13.905100800000001,
            "success": 2361.6
        },
        "24": {
            "lap_time": 0.49924888610839846,
            "IP": 17.682,
            "UDP": 17.351936,
            "success": 2947.0
        },
        "36": {
            "lap_time": 0.6679928779602051,
            "IP": 23.8524,
            "UDP": 23.4071552,
            "success": 3975.4
        },
        "48": {
            "lap_time": 0.7930451154708862,
            "IP": 28.6452,
            "UDP": 28.1104896,
            "success": 4774.2
        },
        "54": {
            "lap_time": 0.7427585363388062,
            "IP": 31.0392,
            "UDP": 30.459801600000002,
            "success": 5173.2
        }
    }
}