{
    "version": "IEEE802dot11Version.a",
    "duration": 1000000,
    "device": 10,
    "count": 10,
    "result": {
        "6": {
            "lap_time": 0.3229107141494751,
            "IP": 4.2468,
            "UDP": 4.1675264,
            "success": 707.8
        },
        "9": {
            "lap_time": 0.4991114139556885,
            "IP": 6.3204,
            "UDP": 6.2024192000000005,
            "success": 1053.4
        },
        "12": {
            "lap_time": 0.6575808763504029,
            "IP": 8.214,
            "UDP": 8.060672,
            "success": 1369.0
        },
        "18": {
            "lap_time": 0.9392633438110352,
            "IP": 11.8596,
            "UDP": 11.638220800000001,
            "success": 1976.6
        },
        "24": {
            "lap_time": 1.1702174425125123,
            "IP": 15.0588,
            "UDP": 14.7777024,
            "success": 2509.8
        },
        "36": {
            "lap_time": 1.661804437637329,
            "IP": 21.1812,
            "UDP": 20.7858176,
            "success": 3530.2
        },
        "48": {
            "lap_time": 2.059031677246094,
            "IP": 26.1684,
            "UDP": 25.679923199999998,
            "success": 4361.4
        },
        "54": {
            "lap_time": 1.8498503923416139,
            "IP": 28.6776,
            "UDP": 28.142284800000002,
            "success": 4779.6
        }
    }
}