{
    "version": "IEEE802dot11Version.a",
    "duration": 10000000,
    "device": 5,
    "count": 1,
    "result": {
        "6": {
            "lap_time": 1.649970531463623,
            "IP": 4.776,
            "UDP": 4.686848,
            "success": 7960.0
        },
        "9": {
            "lap_time": 2.3952019214630127,
            "IP": 6.954,
            "UDP": 6.824192,
            "success": 11590.0
        },
        "12": {
            "lap_time": 2.970377206802368,
            "IP": 9.0672,
            "UDP": 8.8979456,
            "success": 15112.0
        },
        "18": {
            "lap_time": 4.139474153518677,
            "IP": 12.9756,
            "UDP": 12.7333888,
            "success": 21626.0
        },
        "24": {
            "lap_time": 4.870319604873657,
            "IP": 16.4484,
            "UDP": 16.1413632,
            "success": 27414.0
        },
        "36": {
            "lap_time": 6.356532335281372,
            "IP": 22.9008,
            "UDP": 22.4733184,
            "success": 38168.0
        },
        "48": {
            "lap_time": 7.406712293624878,
            "IP": 27.984,
            "UDP": 27.461632,
            "success": 46640.0
        },
        "54": {
            "lap_time": 7.878288269042969,
            "IP": 30.69,
            "UDP": 30.11712,
            "success": 51150.0
        }
    }
}