{
    "version": "IEEE802dot11Version.a",
    "duration": 1000000,
    "device": 70,
    "count": 10,
    "result": {
        "6": {
            "lap_time": 35.74532244205475,
            "IP": 0.7788,
            "UDP": 0.7642624,
            "success": 64.9
        },
        "9": {
            "lap_time": 52.15419869422912,
            "IP": 1.092,
            "UDP": 1.071616,
            "success": 91.0
        },
        "12": {
            "lap_time": 70.19735271930695,
            "IP": 1.4676,
            "UDP": 1.4402048,
            "success": 122.3
        },
        "18": {
            "lap_time": 102.95540359020234,
            "IP": 2.1048,
            "UDP": 2.0655104,
            "success": 175.4
        },
        "24": {
            "lap_time": 134.60305004119874,
            "IP": 2.7264,
            "UDP": 2.6755072,
            "success": 227.2
        },
        "36": {
            "lap_time": 194.22364733219146,
            "IP": 3.906,
            "UDP": 3.833088,
            "success": 325.5
        },
        "48": {
            "lap_time": 244.12266387939454,
            "IP": 4.9056,
            "UDP": 4.8140288,
            "success": 408.8
        },
        "54": {
            "lap_time": 262.9275699853897,
            "IP": 5.4516,
            "UDP": 5.349836799999999,
            "success": 454.3
        }
    }
}