{
    "version": "IEEE802dot11Version.a",
    "duration": 1000000,
    "device": 5,
    "count": 10,
    "result": {
        "6": {
            "lap_time": 18.93122618198395,
            "IP": 4.6116,
            "UDP": 4.5255168,
            "success": 384.3
        },
        "9": {
            "lap_time": 35.672020173072816,
            "IP": 6.792,
            "UDP": 6.665216,
            "success": 566.0
        },
        "12": {
            "lap_time": 55.65965991020202,
            "IP": 8.826,
            "UDP": 8.661248,
            "success": 735.5
        },
        "18": {
            "lap_time": 112.44727876186371,
            "IP": 12.6984,
            "UDP": 12.4613632,
            "success": 1058.2
        },
        "24": {
            "lap_time": 174.73627350330352,
            "IP": 16.0836,
            "UDP": 15.7833728,
            "success": 1340.3
        },
        "36": {
            "lap_time": 314.7765487670898,
            "IP": 22.3992,
            "UDP": 21.981081600000003,
            "success": 1866.6
        },
        "48": {
            "lap_time": 448.53153743743894,
            "IP": 27.5232,
            "UDP": 27.0094336,
            "success": 2293.6
        },
        "54": {
            "lap_time": 507.2684035778046,
            "IP": 30.156,
            "UDP": 29.593088,
            "success": 2513.0
        }
    }
}