{
    "version": "IEEE802dot11Version.a",
    "duration": 1000000,
    "device": 90,
    "count": 10,
    "result": {
        "6": {
            "lap_time": 43.9460385799408,
            "IP": 0.4236,
            "UDP": 0.4156928,
            "success": 35.3
        },
        "9": {
            "lap_time": 63.70771853923797,
            "IP": 0.558,
            "UDP": 0.547584,
            "success": 46.5
        },
        "12": {
            "lap_time": 85.82215960025788,
            "IP": 0.7848,
            "UDP": 0.7701504,
            "success": 65.4
        },
        "18": {
            "lap_time": 125.46655497550964,
            "IP": 1.0884,
            "UDP": 1.0680832,
            "success": 90.7
        },
        "24": {
            "lap_time": 165.2820043325424,
            "IP": 1.4676,
            "UDP": 1.4402048,
            "success": 122.3
        },
        "36": {
            "lap_time": 239.18082053661345,
            "IP": 2.1024,
            "UDP": 2.0631551999999997,
            "success": 175.2
        },
        "48": {
            "lap_time": 299.5440128326416,
            "IP": 2.6424,
            "UDP": 2.5930752000000004,
            "success": 220.2
        },
        "54": {
            "lap_time": 315.65080587863923,
            "IP": 2.8332,
            "UDP": 2.7803136,
            "success": 236.1
        }
    }
}