{
    "version": "IEEE802dot11Version.a",
    "duration": 1000000,
    "device": 70,
    "count": 10,
    "result": {
        "6": {
            "lap_time": 2.3076800107955933,
            "IP": 2.658,
            "UDP": 2.608384,
            "success": 443.0
        },
        "9": {
            "lap_time": 3.7744489192962645,
            "IP": 4.17,
            "UDP": 4.09216,
            "success": 695.0
        },
        "12": {
            "lap_time": 4.922471070289612,
            "IP": 5.688,
            "UDP": 5.581824,
            "success": 948.0
        },
        "18": {
            "lap_time": 7.48733549118042,
            "IP": 8.436,
            "UDP": 8.278528,
            "success": 1406.0
        },
        "24": {
            "lap_time": 10.014298272132873,
            "IP": 10.9008,
            "UDP": 10.6973184,
            "success": 1816.8
        },
        "36": {
            "lap_time": 14.272543716430665,
            "IP": 15.714,
            "UDP": 15.420672,
            "success": 2619.0
        },
        "48": {
            "lap_time": 16.722439694404603,
            "IP": 19.7424,
            "UDP": 19.3738752,
            "success": 3290.4
        },
        "54": {
            "lap_time": 15.390809965133666,
            "IP": 21.75,
            "UDP": 21.344,
            "success": 3625.0
        }
    }
}