{
    "version": "IEEE802dot11Version.a",
    "duration": 1000000,
    "device": 70,
    "count": 1,
    "result": {
        "24": {
            "lap_time": 3.8954381942749023,
            "IP": 10.932,
            "UDP": 10.727936,
            "success": 1822.0
        }
    }
}