{
    "version": "IEEE802dot11Version.a",
    "duration": 100000,
    "device": 10,
    "count": 2,
    "result": {
        "6": {
            "lap_time": 0.8489034175872803,
            "IP": 3.6,
            "UDP": 3.5328,
            "success": 30.0
        },
        "9": {
            "lap_time": 1.314521312713623,
            "IP": 5.58,
            "UDP": 5.47584,
            "success": 46.5
        },
        "12": {
            "lap_time": 1.7452313899993896,
            "IP": 7.5,
            "UDP": 7.36,
            "success": 62.5
        },
        "18": {
            "lap_time": 2.7234667539596558,
            "IP": 10.98,
            "UDP": 10.77504,
            "success": 91.5
        },
        "24": {
            "lap_time": 3.533499836921692,
            "IP": 13.32,
            "UDP": 13.07136,
            "success": 111.0
        },
        "36": {
            "lap_time": 4.994573950767517,
            "IP": 18.54,
            "UDP": 18.19392,
            "success": 154.5
        },
        "48": {
            "lap_time": 6.812737703323364,
            "IP": 24.18,
            "UDP": 23.72864,
            "success": 201.5
        },
        "54": {
            "lap_time": 7.351666688919067,
            "IP": 25.62,
            "UDP": 25.14176,
            "success": 213.5
        }
    }
}