{
    "version": "IEEE802dot11Version.a",
    "duration": 1000000,
    "device": 2,
    "count": 10,
    "result": {
        "6": {
            "lap_time": 18.875799441337584,
            "IP": 5.3772,
            "UDP": 5.2768256,
            "success": 448.1
        },
        "9": {
            "lap_time": 36.50408318042755,
            "IP": 7.7892,
            "UDP": 7.6438016,
            "success": 649.1
        },
        "12": {
            "lap_time": 58.225430560112,
            "IP": 10.0416,
            "UDP": 9.8541568,
            "success": 836.8
        },
        "18": {
            "lap_time": 110.99693462848663,
            "IP": 14.1648,
            "UDP": 13.900390400000001,
            "success": 1180.4
        },
        "24": {
            "lap_time": 169.7705731868744,
            "IP": 17.6796,
            "UDP": 17.349580800000002,
            "success": 1473.3
        },
        "36": {
            "lap_time": 303.83676505088806,
            "IP": 23.8368,
            "UDP": 23.3918464,
            "success": 1986.4
        },
        "48": {
            "lap_time": 434.35318717956545,
            "IP": 28.6572,
            "UDP": 28.122265600000002,
            "success": 2388.1
        },
        "54": {
            "lap_time": 475.20530264377595,
            "IP": 31.0296,
            "UDP": 30.4503808,
            "success": 2585.8
        }
    }
}