{
    "version": "IEEE802dot11Version.a",
    "duration": 100000,
    "device": 10,
    "count": 2,
    "result": {
        "6": {
            "lap_time": 1.4606350660324097,
            "IP": 3.6,
            "UDP": 3.5328,
            "success": 30.0
        },
        "9": {
            "lap_time": 2.264210820198059,
            "IP": 5.58,
            "UDP": 5.47584,
            "success": 46.5
        },
        "12": {
            "lap_time": 2.893509864807129,
            "IP": 7.5,
            "UDP": 7.36,
            "success": 62.5
        },
        "18": {
            "lap_time": 4.079119563102722,
            "IP": 10.98,
            "UDP": 10.77504,
            "success": 91.5
        },
        "24": {
            "lap_time": 4.9067622423172,
            "IP": 13.32,
            "UDP": 13.07136,
            "success": 111.0
        },
        "36": {
            "lap_time": 7.024007797241211,
            "IP": 18.54,
            "UDP": 18.19392,
            "success": 154.5
        },
        "48": {
            "lap_time": 9.082717180252075,
            "IP": 24.18,
            "UDP": 23.72864,
            "success": 201.5
        },
        "54": {
            "lap_time": 9.52819013595581,
            "IP": 25.62,
            "UDP": 25.14176,
            "success": 213.5
        }
    }
}