{
    "version": "None",
    "duration": 100000,
    "device": 10,
    "count": 2,
    "result": {
        "6": {
            "lap_time": 1.3822705745697021,
            "IP": 3.6,
            "UDP": 3.5328,
            "success": 30.0
        },
        "9": {
            "lap_time": 2.253113269805908,
            "IP": 5.58,
            "UDP": 5.47584,
            "success": 46.5
        },
        "12": {
            "lap_time": 3.052683472633362,
            "IP": 7.5,
            "UDP": 7.36,
            "success": 62.5
        },
        "18": {
            "lap_time": 4.16731333732605,
            "IP": 10.98,
            "UDP": 10.77504,
            "success": 91.5
        },
        "24": {
            "lap_time": 5.175601601600647,
            "IP": 13.32,
            "UDP": 13.07136,
            "success": 111.0
        },
        "36": {
            "lap_time": 7.1755605936050415,
            "IP": 18.54,
            "UDP": 18.19392,
            "success": 154.5
        },
        "48": {
            "lap_time": 9.333187341690063,
            "IP": 24.18,
            "UDP": 23.72864,
            "success": 201.5
        },
        "54": {
            "lap_time": 9.733280539512634,
            "IP": 25.62,
            "UDP": 25.14176,
            "success": 213.5
        }
    }
}